summonerId,summonerLevel,tier,rank,leaguePoints,plays,wins,mostPositionId,mostPosition,mostChampionIds
mlxn5B82fbdtrgO2E1wOCG3T6peSNgYATJdhF9R3R974TKg,484,CHALLENGER,I,1955,497,292,3,MIDDLE,"[84, 777, 126, 268, 517]"
D7ro7TcLhbnTRLUeHHb41blBHfTNt3x8YgIHLNmVDfYguBI,575,CHALLENGER,I,1916,392,235,3,MIDDLE,"[777, 126, 897, 517, 268]"
Z1GOBrAWpxjsWHL6bwPtMCEnGuf8a78qUMOiBe5QQNG65Vw,947,CHALLENGER,I,1872,770,421,2,JUNGLE,"[59, 64, 121, 111, 234]"
kzGwsF-itPa18MXfCjyfnZ3EnHt6wSsI1s78mqJoh846OCEI,500,CHALLENGER,I,1639,995,537,5,UTILITY,"[497, 526, 12, 111, 888]"
QiAwUQ8L4_vJsYBSChUlf7--tKcSHIS6ikKzqTqwG19LX8k,346,CHALLENGER,I,1619,582,333,2,JUNGLE,"[64, 76, 234, 78, 59]"
UsxhETMatCJh9r2bJW8t78TjmxD9D9kN8BL1D1QHoFbofv4,467,CHALLENGER,I,1588,466,268,1,TOP,"[68, 79, 58, 897, 24]"
SeTDZST9YGJHXr3qKVaAxpHSstHX3ZvM_yCfwkw8wa4RtMU,647,CHALLENGER,I,1585,840,458,4,BOTTOM,"[145, 429, 119, 895, 498]"
EaDIgYz3MRztsJUTNILO-FTS0o2-6rfgP6ZwhuCe-N2c5Q8,479,CHALLENGER,I,1576,499,285,5,UTILITY,"[12, 497, 526, 888, 145]"
_xeuY0cBGKIrsnwx6IoEewzcDrCeAyAPdC19Nyb4E-Cg_qNFf0igEcYTpg,102,CHALLENGER,I,1568,455,275,2,JUNGLE,"[64, 104, 59, 5, 53]"
43Ivr_zZJo_ehAVDx5JPAGgOpLU94i9QEJrXMdHd6Uts07o,639,CHALLENGER,I,1544,596,328,3,MIDDLE,"[126, 61, 134, 84, 777]"
UnHQn4Qo99SHsyhOjM6PimKlbTkep-o0zJ8mHN18-2HzpRI,669,CHALLENGER,I,1527,342,193,2,JUNGLE,"[76, 105, 60, 53, 59]"
vpr8ns8SpRN8khGyAESoyTVdkk-k_uK_PzPV9dC65GVnZpdL,423,CHALLENGER,I,1520,828,447,3,MIDDLE,"[84, 61, 518, 777, 126]"
5-k1L5m4Uyr4E4B0x8BQqWHLQyhM0piemERGkU7gchha8Ic,866,CHALLENGER,I,1476,571,316,5,UTILITY,"[497, 111, 526, 12, 53]"
DiKExtwbUlw9Uh3tSi0FDC5IpTnOeyb-kMcjn8gPv2IHlrI,523,CHALLENGER,I,1471,455,254,5,UTILITY,"[12, 111, 57, 497, 526]"
FUqJvAPkzfmmI5LELNC4rqUjniiGxYFdMjOdkqeZQ1AKUVM,545,CHALLENGER,I,1465,664,371,2,JUNGLE,"[64, 163, 103, 59, 60]"
2h6mIwBeMQScIGJ-N3oCEVN15nCmyInldcRGLa-2dK9RWIMR9ECYdXmraw,459,CHALLENGER,I,1460,784,425,1,TOP,"[897, 24, 68, 266, 58]"
u_HmUQHzvjdeGsV7SueePMfqehIWqF4wo85hPhVfATM6eNyi,524,CHALLENGER,I,1454,738,408,3,MIDDLE,"[61, 126, 268, 777, 18]"
80jzkKlN_IVnihjRBHNz6Pt-JYrfnnLMA5Ce1CivGCugKkk,493,CHALLENGER,I,1438,430,254,3,MIDDLE,"[61, 910, 84, 115, 7]"
CzyTkVnJKlvO_Y1GeLB7lUiMAPRcTcehcxQE0LfM-qBrEjacLsCpqLNvJg,475,CHALLENGER,I,1415,1220,643,2,JUNGLE,"[163, 104, 64, 234, 76]"
A-Wuer54YR1mfVsWyu8uoNg5il9Zeznz4mswiC_pHOBI9dI,328,CHALLENGER,I,1410,644,359,1,TOP,"[68, 24, 266, 79, 897]"
tp2cUEPAz1slqqu4lhMMIWa-HXue6IbOKGSAaVr985-Q_6-VQV5s_nN8hQ,81,CHALLENGER,I,1386,526,305,3,MIDDLE,"[61, 69, 18, 126, 134]"
Megqb_wLBoHSp1_HU67J7Fheye5jvNGN70_lM0tYMa56jBY,397,CHALLENGER,I,1384,595,326,4,BOTTOM,"[145, 498, 221, 110, 81]"
aNVdbLSwWyv51iKLhCKHlgIRN-y2j7mueGi_sxaQg1XiAs4,360,CHALLENGER,I,1383,422,238,3,MIDDLE,"[7, 518, 777, 134, 157]"
Zlj53LHQKzCI8uY39_gycd5lj6byRSuYpXQj35gnbPwkXz0,582,CHALLENGER,I,1379,546,310,1,TOP,"[24, 897, 126, 266, 68]"
KMkH8lsqLb3ZS75GiN78uWdoeFoqKezKYpyakWz5q0RsS7O6,407,CHALLENGER,I,1378,661,362,4,BOTTOM,"[145, 523, 360, 222, 110]"
JKQOqDn3MTRT5aV0wjmhVJuKBoSVQ7RpVdEODVU61g6em34,416,CHALLENGER,I,1377,384,228,2,JUNGLE,"[64, 104, 119, 59, 234]"
0bszGq3BovHwZdYyMPjjQWXIliiKFeXp72hvwFvqrsAi4TpT,361,CHALLENGER,I,1376,442,247,4,BOTTOM,"[221, 145, 498, 523, 119]"
B2w29YRkrrW8wR8CxmtDg7MGXrm3IzmaPFBEazVGf_eTWhdd63VeiJR8bw,144,CHALLENGER,I,1375,892,480,3,MIDDLE,"[7, 134, 103, 246, 518]"
pxew_s2sRq7sOv7tZGuEv-_xk453x1ve4ysWS9CH6YN6awI,491,CHALLENGER,I,1367,483,271,3,MIDDLE,"[163, 18, 61, 518, 7]"
BwB7cDczRwKGqo7mAEVP86hIR7tpc4IMpl7mhzAT7NXnwnc,693,CHALLENGER,I,1365,705,389,1,TOP,"[897, 24, 266, 68, 58]"
rOjhOWLp83hIlH-rDpk4op0apH-OO6WgXXsxEeXMFbvoi28,640,CHALLENGER,I,1365,368,221,3,MIDDLE,"[4, 61]"
ZJeYtn0IW-Z9OFZQeGVRieiMOW04rmdD1ZTW4atbsV17FNU,844,CHALLENGER,I,1365,720,394,1,TOP,"[126, 266, 897, 24, 150]"
uZ4r6A-u-EtL3SlUWCHXnksQDNLizY1Wdr1UlsumzmgW25g,696,CHALLENGER,I,1356,871,468,4,BOTTOM,"[145, 498, 221, 523, 12]"
Uo2fLGrtEs_Wf2AUzKCGH1s6rUTHqRZr1oWI32BaJ9HDbck,818,CHALLENGER,I,1352,1034,550,3,MIDDLE,"[777, 61, 268, 126, 517]"
RewhoWV2LC6hq-bNjeB1Zl4N-wlgUnvK5OfarT97sbc2c4U,493,CHALLENGER,I,1350,986,526,3,MIDDLE,"[61, 268, 126, 518, 18]"
VfgcNuHkkxFof86lXuJXh-0dmWhppkOxstnszMJFrOr07A,991,CHALLENGER,I,1322,606,339,1,TOP,"[92, 266, 236, 114, 84]"
2IM0p3h4LlnWURyrXWvV5A7svgldWR-JFVw4N6Gxac2NgTI,509,CHALLENGER,I,1318,560,312,4,BOTTOM,"[145, 221, 498, 81, 523]"
HGJs_dOvmg0J9EBaIwJZtuT9diZyCeaU_-lOKDuM5kqhuTI,617,CHALLENGER,I,1314,1070,567,2,JUNGLE,"[64, 59, 234, 163, 254]"
qpAlSOJShkwZQ_TOLMTuxitxYXlxTHUoP2ooqc3zThRcnTzfcG2uaLq31A,88,CHALLENGER,I,1308,277,165,1,TOP,"[24, 266, 777, 897, 58]"
oZEuN-ZoAlJr3Oqo6YYPuVc0HIO0O7j5slsjVexUFJxcJeB_zOg9ZmpXtw,358,CHALLENGER,I,1301,1093,580,1,TOP,"[897, 58, 24, 266, 777]"
li7WKVR35JkrFIraNlKn2LeWaHDI7fmFjDqfokIDLcjMhNE,501,CHALLENGER,I,1301,1251,654,1,TOP,"[3, 44, 80, 106, 254]"
nPkggPjhJNktafzoZzhAC5MJporbpLvrVAbWCaxpLmX6vQs,799,CHALLENGER,I,1295,821,441,4,BOTTOM,"[145, 498, 51, 429, 221]"
eytc6caEShRXs8s9rl-KPEm4D0virLwDmbHxT1OcgauDXdtEbh5OsIxwIQ,120,CHALLENGER,I,1293,562,316,4,BOTTOM,"[222, 235, 523, 121, 429]"
M7W-HOo0IXAr-Gr3a_FvoDiARdHBWJxTM-MZkGTa9t4Oegx3Hw_GQWBCvA,299,CHALLENGER,I,1290,493,277,5,UTILITY,"[497, 111, 53, 526, 12]"
b9tp37fxY3FsbitZYPRegToN1NGWXJOY6OFG4S92mguHXLsiiBiTEV6aHA,412,CHALLENGER,I,1286,756,413,2,JUNGLE,"[64, 78, 526, 121, 68]"
cBqaxUH0VIFwhId9pPChID2qfy0sBJnHQyGEBucT1IZp4GM,651,CHALLENGER,I,1281,637,347,5,UTILITY,"[111, 497, 12, 526, 888]"
JZo1OCYNE7Sfmxzacujd5W-AiA8tYEuixjEPwCW32-d7fJIMcvZba45EHg,140,CHALLENGER,I,1279,652,368,4,BOTTOM,"[119, 145, 360, 81, 498]"
fRlFZl8xxvYf_hY-wVQlwtIremljNVbdKhglt-JHeNROkk0,409,CHALLENGER,I,1274,282,174,3,MIDDLE,"[126, 61, 777, 268, 84]"
xUyb8A8F9LJSzpn5yakwUJaVm20QeHeIhKesHC8Xg1UKfoltEqXoFO0BpQ,262,CHALLENGER,I,1272,1126,595,5,UTILITY,"[497, 12, 432, 22, 40]"
5ybhoQI-4Zl67Cr3XYI9qiccCDQOsJjqp07smjM2CX7dS2vQSIHXOZCnJw,173,CHALLENGER,I,1271,635,355,4,BOTTOM,"[110, 145, 429, 498, 81]"
EhwsPgm4XXjigHEHvAthKGrsB0vAizeoYSjXCzr11F7sHhEw7_YDqzOVXg,221,CHALLENGER,I,1265,383,219,2,JUNGLE,"[64, 76, 234, 60, 7]"
2vTmqQ5bmguKVrAK7Zym9eLLhPPeX1uaphCTJ17lD_ePmpS9H1lQZDi4_w,309,CHALLENGER,I,1261,1699,880,4,BOTTOM,"[145, 498, 429, 221, 110]"
jo7BykdDPdEXZ0qtbr6q0_nG-yOMqr0p9LIwvXx5dMFfM_E,423,CHALLENGER,I,1260,265,161,3,MIDDLE,"[777, 61, 84, 518, 126]"
562AG9aICgUC7QcmXuJ9opDEhN44-CxEYwKrtbQnWJcsPD_6OyIvhfaDVQ,160,CHALLENGER,I,1258,269,163,2,JUNGLE,"[64, 163, 234, 121, 254]"
mQl7TAKbWoxXatIwwVbNAehOvNBa1t5qNG_7bhefkiYkPi4,689,CHALLENGER,I,1258,784,420,1,TOP,"[78, 19, 245, 897, 58]"
ed9xbeCohZRCXTQuyp9ISoHu0fERt98IYfNNizmp8NZtyeA,483,CHALLENGER,I,1258,234,141,4,BOTTOM,"[110, 145, 81, 15, 18]"
0i5q51q6pBcWvKbnugPeiq6qiw15nuebVfomdjreWBg4KWQMYKnXzgW3Mg,228,CHALLENGER,I,1257,763,414,3,MIDDLE,"[517, 126, 84, 61, 777]"
m5j7rPtG8SbDpHD0Cd00C_C-m50GgiHAAKQfHZB-sIrb-StW,781,CHALLENGER,I,1253,951,510,3,MIDDLE,"[163, 61, 18, 517, 50]"
TUMdo-EN1jM0Y4ac_OXKfM2LhJGMKkeMFBRSZ1WMjLAXOL4,690,CHALLENGER,I,1247,1053,557,4,BOTTOM,"[429, 145, 119, 498, 895]"
AQoRdUQFZToW6PxWmgfGjBByroOFPpRJOXM4MxvXMmJxK6ishoPZiGRWhg,95,CHALLENGER,I,1246,653,363,4,BOTTOM,"[145, 523, 360, 222, 12]"
hDeIEkGfxYWi_yRFUFxduJ1GtZWQv3I7R_EqTw_BpdaYNg,488,CHALLENGER,I,1243,423,236,5,UTILITY,"[412, 53, 79, 497, 78]"
SvwrQon-IhB8j1uLhkJVMGatRk2k_hU7QlWlonDs4cvZPJU,339,CHALLENGER,I,1241,813,445,3,MIDDLE,"[18, 61, 126, 268, 7]"
oc4S3vZfHW05IMSH8z48R2d6Ey5e2w3TmSXpoTnN-Q2SEbE,511,CHALLENGER,I,1241,730,400,4,BOTTOM,"[145, 523, 497, 498, 111]"
VHCylmcQsGRngm789e6yc53Fxuy3B_1OXkeJawLoTYFjBwDElaMDzVfDhQ,418,CHALLENGER,I,1241,308,181,2,JUNGLE,"[200, 234, 421, 76, 60]"
PueiG0WDHo5vdDRGJnWQ3bOthndQW6z1MCrcXOyFSFiDRQ,124,CHALLENGER,I,1228,270,171,2,JUNGLE,"[33, 64, 43, 74, 111]"
mjzPekeBrpOi3bau74iidtZBSlZ9IRLU7dk6MbactCOkwsIB3TluWACG6g,138,CHALLENGER,I,1223,501,293,3,MIDDLE,"[61, 134, 126, 518, 268]"
lKMgZYY__LkxQtvoQHTH7J3-0YfOpoYXJtsouXxAr7sqNx8,646,CHALLENGER,I,1218,647,348,5,UTILITY,"[497, 111, 12, 526, 53]"
USbF0kSnS6JB9CoBcU4EDxNOaiptzVzNYaOkt6ydmyBbw-GyCAKhrzJRng,139,CHALLENGER,I,1218,718,388,4,BOTTOM,"[145, 235, 498, 221, 523]"
j8qw5Sm2Bg0KxbILV3jBCzCs4PsS6GY_8CxZo6WQdrKvIHMSfld5OaQxcg,249,CHALLENGER,I,1217,716,387,3,MIDDLE,"[245, 777, 897, 360, 517]"
SMgdhwEmL3zgD_OTB3JIUbvuUYCNobkLoWfPBDYXPq2f1zLoZDqgHPZ8JQ,94,CHALLENGER,I,1216,658,370,4,BOTTOM,"[81, 145, 897, 110, 429]"
G5QYWhjGR49sf0iOZhS1vCmVBbUOjYJwnJMUBr1eqZAp4gy0,107,CHALLENGER,I,1216,507,282,2,JUNGLE,"[17, 59, 76, 64, 5]"
S9VDEdxNQTWXVRtn2G93kid2zezPXKtIKxGYFniu667TxlVP3Si8c8rKsg,57,CHALLENGER,I,1215,325,197,2,JUNGLE,"[104, 254, 64, 76, 78]"
aKTlfTs-TC-dBvhZcHjysaW5PUOAYDRLdEUzkJ4kmQEVRN7l5KB-RfSCKg,126,CHALLENGER,I,1215,322,191,5,UTILITY,"[497, 888, 526, 53, 111]"
CypCzk_jyHEVXRwsKcN-q0azPsvVtk6NGVv0XjfPGyIcT2U,607,CHALLENGER,I,1212,482,272,3,MIDDLE,"[777, 39, 126, 517, 61]"
94zTk6tGKe5Bc59i-Pp8RxVoHSlCvkK04cme2ZM0EUROe1Ie5RmjMrByxw,249,CHALLENGER,I,1208,616,337,2,JUNGLE,"[154, 113, 526, 120, 516]"
aPiTyWZoqI3TbKxUzDIaLmExDO0WmUp49Eify0wKxM_vVXu5no_uxOuQoQ,48,CHALLENGER,I,1206,239,146,4,BOTTOM,"[110, 429, 145, 81, 498]"
affp9f9TJV73f76gjPH46lFTifY3WAx72_xwAHHGG4Z7b8KhtISARHjgQg,522,CHALLENGER,I,1206,847,449,5,UTILITY,"[497, 12, 555, 526, 111]"
-IE1zd8w5MqI95zlN0ECll8FsF2iUq29gkMd80ECs4rBQ9M,427,CHALLENGER,I,1199,466,258,3,MIDDLE,"[166, 142, 238, 497, 39]"
UcFQUvVKXwdO_BXPsPfbDQjxNY_68UKGvKjgjmh47drsL2LV,371,CHALLENGER,I,1195,482,271,1,TOP,"[897, 58, 266, 24, 68]"
pSqEm_9_VBs5km0T8oEV_SRLfrSoFDs9XimZLnN_OpNgPnqZ,245,CHALLENGER,I,1194,312,173,5,UTILITY,"[12, 497, 53, 555, 432]"
-czeG5aie_oLMc-Ah2OrSD52080b44Api8DOpV0NkwaC-ENiC9EoDDWmHA,139,CHALLENGER,I,1193,566,310,5,UTILITY,"[526, 497, 12, 111, 53]"
RARLFr-zre0r4iJ1YqJuv0rxo-0N5zOlMbjfFOOV0mE1RqVlhud9SEu1WA,143,CHALLENGER,I,1189,385,219,1,TOP,"[266, 68, 24, 897, 150]"
qBFNaLJIpNms1DV16DMV1QQNuQysartBKbyL4rwdKSwx4OdAk1s8IuU9ZA,65,CHALLENGER,I,1187,300,186,3,MIDDLE,"[61, 268, 134, 103, 236]"
Vp4kOJWeo8rjCtBc15Tr6DSVVVl7HsO2yPpFiPWoPEzGylg,674,CHALLENGER,I,1186,267,158,4,BOTTOM,"[145, 81, 110, 429, 61]"
muImi7DL5IBMO8D1HJLLQhRuorJ4wEJb1dgr1zU8Hp7_4uYz,284,CHALLENGER,I,1184,549,300,1,TOP,"[39, 84, 897, 777, 157]"
1mxrMEkL0yjOsSjN8vVteNWEiMW3X0lWoaXgAm_SnC8xsDIs,401,CHALLENGER,I,1181,517,283,2,JUNGLE,"[64, 234, 145, 104, 777]"
sN_dAONO4HV-1rTYTfffJujQA6pzeW5fP9YyswajoxLENPg,333,CHALLENGER,I,1181,413,238,2,JUNGLE,"[64, 76, 59, 163, 234]"
9XjYlzgxVLtlEt0ASYr_H7qlA4BoxxcCoF7q0MYt0JawUiU,742,CHALLENGER,I,1177,604,327,2,JUNGLE,"[120, 121, 421, 54, 113]"
sDNo-ff25LvXlnBIP2gGLmyQJOUXQ_YxR_sAo5KFTOZo0ErjXdKocyeQTw,152,CHALLENGER,I,1175,332,183,4,BOTTOM,"[429, 523, 145, 110, 498]"
mqg30mfGQpgBsmqjMLAOtOw6QFEFOYF1EnSfLMDyxvSAJQ,330,CHALLENGER,I,1168,443,251,1,TOP,"[24, 126, 64, 68, 79]"
zu8xa3zcyyYa2C5V_qx2m2JU5R4lxCK9JMjeCHc8H1Rn1s9rl9BL4Xonbg,427,CHALLENGER,I,1168,1166,610,1,TOP,"[897, 266, 58, 24, 68]"
jeTIaB4C6FrrOqfnVnTDE8KsIX4APeuRnhNNOKl_-a6aNbU,710,CHALLENGER,I,1166,862,467,2,JUNGLE,"[64, 59, 113, 78, 234]"
W37RDcoBEua1eBAgJ5bPk5yOVQO2qicGuxwgBAZPo27I5wjAupHzsLk8Qw,192,CHALLENGER,I,1163,491,276,2,JUNGLE,"[64, 59, 200, 163, 121]"
hyPU2ZnXhoUJogyOgJGnICjjl_meOu5-aHX3m_pVN_9mVjmas6EIqIVJfg,247,CHALLENGER,I,1161,280,166,4,BOTTOM,"[145, 222, 432, 498, 221]"
Bj1zOSs-UirMiePgp-vwmnHg2_9T3Yl8oqkUdjBHYZTIKa9BWEJ0eJBkKw,86,CHALLENGER,I,1155,528,289,5,UTILITY,"[497, 111, 12, 888, 18]"
vA5-EbcsNksguGVGHPJVIVFic-QNfYa8cN3VbcF3hgHeXyo,483,CHALLENGER,I,1155,366,209,2,JUNGLE,"[68, 163, 104, 115, 143]"
4iD729PCx48y_V7eoOrhC5qnCxAI4c2W4aVZFgy9aPyV9EuCvpWXsYUp0Q,128,CHALLENGER,I,1154,233,144,3,MIDDLE,"[777, 910, 84, 126, 517]"
e7VUhYqHB6jQm3Ccv6rXAw47H0EHGhOZW83rDLMapa03q4MFaSl6Ptobzw,127,CHALLENGER,I,1151,589,328,3,MIDDLE,"[910, 163, 115, 134, 22]"
jlwjfgl7PxRqGCLi09CMQhxANll9islZFwvU3LHyn9Oh8KE,720,CHALLENGER,I,1151,323,194,3,MIDDLE,"[517, 84, 777, 897, 126]"
et_AxL3L9_DmP43C_yOqMg0tiXmEPixKB6_N1Ebk5hmj5V8,487,CHALLENGER,I,1149,480,269,1,TOP,"[24, 266, 58, 777, 897]"
1B76IAZoDn9WklLsCb16CyJh8JL_jNNyk6MKRG5rQZZsPVg,506,CHALLENGER,I,1141,530,301,2,JUNGLE,"[76, 59, 266, 64, 121]"
CUpZpY4f206yttWgf3R7xmFA_6NNmtmDL5FDsED4wE0IloU,681,CHALLENGER,I,1140,613,333,5,UTILITY,"[526, 497, 555, 432, 12]"
aTdE6dnf88ych-ndOTwUr9Va-AM0ykaW0Db2vjbzFJlzW-4eY-APinsFig,491,CHALLENGER,I,1137,862,457,3,MIDDLE,"[777, 126, 897, 84, 518]"
da-1QeWA2UFUnBp6trWYuAyRgLwvyx96flh7ae00I7EKiB_ouYKxwSWEGQ,414,CHALLENGER,I,1134,1132,591,5,UTILITY,"[526, 497, 111, 12, 888]"
Z5du8lZu7jOLB3-HSt1nqqX5QPV-w42if7nzKygF3W1_O7I,582,CHALLENGER,I,1129,1545,802,2,JUNGLE,"[200, 64, 91, 245, 234]"
UAqILQH15STPQV0a7bc85c5arzz1PpafXeDft9a_Y1O20tY,663,CHALLENGER,I,1127,703,383,4,BOTTOM,"[145, 523, 498, 235, 429]"
2mh0KW8PNpsWDz6GSEvqZsQylJS9btC-sJGjD3Xm-jkqg3B_u5hAttwF2g,336,CHALLENGER,I,1127,696,369,4,BOTTOM,"[526, 110, 145, 429, 18]"
olEAgJsnAwqN0X3uJhNBC3MUf2F1oRylf_5MC3yo1POaJpPi1Az5nnCJ0Q,210,CHALLENGER,I,1127,373,208,3,MIDDLE,"[777, 157, 246, 18, 53]"
d2nFb833rePwMZuw5KwIdlf0x6l7VL07bO10cdknLVCMQ14,690,CHALLENGER,I,1126,397,223,3,MIDDLE,"[79, 126, 84, 64, 266]"
Ef_W0vkUQ17wmfJt5aPwAkmFuY0aMuVM70QtQemZD2An2uQ,489,CHALLENGER,I,1126,329,187,2,JUNGLE,"[64, 104, 78, 59, 526]"
ZPfSwYziDyEisxNezUMPynTbRZwFldU17IPxLediwDU_nFM,295,CHALLENGER,I,1119,468,264,3,MIDDLE,[238]
X1EROhIBdcf9G8xjXlElFLXt1l_Bqy06rlWUQEWwxNcFdXoFuH3NHDNtQA,205,CHALLENGER,I,1118,682,373,1,TOP,"[266, 68, 126, 150, 84]"
sL5VazZGUqjBl8JhziEs4cBsRgh0M6_hbuGHQ3cdxNGEjVWbLN2Bf_NloA,220,CHALLENGER,I,1117,1024,542,4,BOTTOM,"[119, 145, 222, 110, 18]"
Zwhekml_JFHll8PR4GpilggtkaNzuPMyX1OvqTawej2xiCk,419,CHALLENGER,I,1115,292,173,4,BOTTOM,"[145, 498, 81, 110, 429]"
JkK9OzBUPi1KOObUjYGNO1GDeI8bO8Md0aEPp2UCaJrUvR3XrB4xBMZpng,258,CHALLENGER,I,1114,1050,551,1,TOP,"[133, 7, 17, 85, 13]"
7SejN62VYO8rmnyGs9TffGKDjqBBbhzavkalWJkjef3UZofZ8N08C_cFzw,248,CHALLENGER,I,1113,601,327,1,TOP,"[897, 68, 24, 266, 58]"
ENzQz6y_rOdnW2c-N7l8pRzlZpIDEXyJx6CwCIJHm22fgtVYUo8UOfRIPw,114,CHALLENGER,I,1112,510,279,5,UTILITY,"[497, 518, 526, 53, 111]"
t1sBTK58i7c0u_ORvI9B-sZ1xhGyRsPGZqg7eSWsg20kVw0q,236,CHALLENGER,I,1110,447,251,4,BOTTOM,"[523, 498, 145, 119, 429]"
GsU_FfF8nNhsQrmUz8X3-A5f6pwEXVrpCU-N3XvxgWONVntDc08Xygk1fw,119,CHALLENGER,I,1109,653,372,4,BOTTOM,"[145, 81, 360, 115, 498]"
EoNE4eQPpVqD_CShmz0jPwzR2msgSoOyoW-F_FiNpXRLuk8,241,CHALLENGER,I,1107,343,198,2,JUNGLE,"[163, 104, 76, 234, 429]"
4Hmie8XQppfX_s1GO_AtDEd3ilECBGGzpq1HGhxWG0C1DZU,405,CHALLENGER,I,1106,711,384,3,MIDDLE,"[84, 7, 126, 517, 18]"
jWIuL72kb555amVYc-NM5Ar3dC6-9VVKUKxyJs-Pjs7tDRo,737,CHALLENGER,I,1103,708,377,3,MIDDLE,"[166, 142, 7, 234, 711]"
1Zj88TkGv2ak4nGj74PK7ariA-7RcfCNIZSaVt-LHmd5ZOc,274,CHALLENGER,I,1101,370,212,1,TOP,"[68, 24, 114, 266, 79]"
DXCafCYOoTi_6vOgEWD9T0GJUe7QrRnFwOBVWXOv4fnbEdc,596,CHALLENGER,I,1101,1430,746,2,JUNGLE,"[64, 59, 526, 104, 234]"
xA-ulTlLsMy38TqSAu1cLVKAezHdY6eQCTV7hRTPda3BXqC6hN0lRZa8Tw,96,CHALLENGER,I,1100,442,243,2,JUNGLE,"[200, 234, 64, 145, 76]"
zEBrRaQjycAINEsw2EH813-3DYDL6zzt7po1_t_82nHCSyhP9hJQXG8QCg,203,CHALLENGER,I,1099,322,187,4,BOTTOM,"[145, 235, 910, 222, 498]"
1ZdksQGDnxbCk7ztnlnZA66VFFPuTvrdgPha7aE7Uwz4Uu4,364,CHALLENGER,I,1098,430,240,3,MIDDLE,"[518, 18, 111, 126, 12]"
NR2cQ1a8ZcnE43CKKY_ILvxtNlOqFh-DZhTraq7UddvW4zk,463,CHALLENGER,I,1098,695,375,4,BOTTOM,"[81, 145, 221, 15, 110]"
LtYUA6tsoo7480u0BZqRRtRSbkqJFLQxHYjwDpOVUkD4JzU,176,CHALLENGER,I,1097,456,251,5,UTILITY,"[526, 497, 12, 61, 111]"
T-YRM4-g5z1ZxlMGsxFE4kKAtWAL-kM-tN11WAXEAZjjQQM,295,CHALLENGER,I,1097,429,239,2,JUNGLE,"[104, 64, 234, 254, 163]"
9A_9tVtBRIpLUDM9ahvghLZeJESaqROnMo_zmKjWndJ8Ydg,1011,CHALLENGER,I,1096,1047,551,3,MIDDLE,"[61, 126, 268, 84, 777]"
ESsPPHXkaY32GKxG6A2byNs7JjTmDxS7s49BrHuc69s02yA,502,CHALLENGER,I,1095,853,451,3,MIDDLE,"[126, 13, 164, 98, 113]"
RJu47uG20VP3Yge7UJuSA8tGWQGeII2w6Rt9Nv8hGOHCd1g,207,CHALLENGER,I,1094,346,201,1,TOP,"[58, 897, 68, 266, 78]"
MSj_4ejeRleSVIy9eQuBv8h-cuNUKNFdQhP6ga4BGjgy0ERAEXnKU72iHw,93,CHALLENGER,I,1093,599,314,5,UTILITY,"[40, 421, 117, 12, 104]"
IPZpqvVwPBIiTaxKoMzTB1nygUprxg28IGiKC1rHmhs1UksttNNYayD3hw,221,CHALLENGER,I,1092,930,485,5,UTILITY,"[497, 526, 518, 111, 12]"
lelzV10Qf0FJhTPcK9XHJkCImc-mp53w6WqEec2BAbfn45Y,811,CHALLENGER,I,1091,1188,618,2,JUNGLE,"[234, 233, 163, 200, 64]"
Y5CGUnSaQDHtO2GvSbUxTBWVOHqoj57yEFImeIwjBdyT_i4,87,CHALLENGER,I,1088,754,419,1,TOP,"[126, 777, 897, 92, 114]"
4beKjmVpTBP5vNXZRMgCx49CsgxWk0pIIk9QEoJoLIjP4amoVoHV_N_S5w,175,CHALLENGER,I,1087,807,429,3,MIDDLE,"[61, 126, 84, 777, 134]"
9uf8WsQxeA6l_ELbFk-DItArT9I9RlQ796cI3Q7YQTd1fCYcvJ8eTmD21Q,101,CHALLENGER,I,1087,666,361,4,BOTTOM,"[236, 145, 110, 222, 18]"
DQdLUu9671NT2Bi9SaK6M3NZQ3TX0ycb893sGTM1SPCJcLE,458,CHALLENGER,I,1082,422,241,1,TOP,"[24, 897, 58, 68, 150]"
_DXDZZDi5VXBBJl3e8amldAtxFWjWFQFGFoL7hj-xh8m8iE,555,CHALLENGER,I,1079,545,299,2,JUNGLE,"[64, 234, 104, 115, 59]"
UM3l7LvHUGVwF6TvoJvlLp_oKQGgfeag1M2hHZHgFVxm_5M,490,CHALLENGER,I,1077,689,378,3,MIDDLE,"[126, 61, 134, 84, 777]"
kxrAvmGtGtWbWmZ7Exj9UE00bmnQ1jtkOHviBckfsRHylV0,436,CHALLENGER,I,1077,778,414,3,MIDDLE,"[61, 268, 126, 18, 7]"
p5uDhM9n4AZaXNzOe24oWWeuJ5Aj6xGin7c17NcB8GXJo4Q,340,CHALLENGER,I,1068,436,242,3,MIDDLE,"[157, 777]"
y_xfRqKfV_MVZd0dbftL3Kxh6DgetgtAn_iq5mauPl6PLJEIvYuf4RJnXA,49,CHALLENGER,I,1068,198,132,3,MIDDLE,"[157, 777]"
qSebg8XaDhKhxUXfOqol3hxsqOPue2t8Qex6eHxZC0IQzco,164,CHALLENGER,I,1067,1326,684,3,MIDDLE,"[268, 18, 777, 7, 127]"
6csdf4ojgdOi3-IqmOWyB0z2zIow4om0gHiz_jbC7sN5_Q,1061,CHALLENGER,I,1066,745,399,1,TOP,"[58, 78, 150, 33, 516]"
5Rj94-AodeDsyX3rwZh1MPAEqzvakwLa-1ChdNqvVEMUow8,844,CHALLENGER,I,1063,727,393,5,UTILITY,"[497, 888, 526, 555, 111]"
IwpQrTkcxZ9-X2gO5YvKuZ5gDXmQDDKjG2dpCQPd1NYaurAMYmhTl7jS9A,47,CHALLENGER,I,1063,205,123,5,UTILITY,"[40, 235, 22, 888, 202]"
nccBfC04ptHUhL257FnjvEQH4x7AmOy7FCVSiQ7fBp5hY9M,308,CHALLENGER,I,1061,636,341,3,MIDDLE,"[518, 61, 517, 126, 84]"
giFLOFW8hKUiaXdADcZbUhGk6eZCbnbEFQiJXhy-eoCg0Es,586,CHALLENGER,I,1060,607,331,1,TOP,"[68, 24, 58, 266, 150]"
5BZ_YGxvuSiOIqg0LbBs1h0XOyBtWVlLW5Q4inqnosOPjAac12BFOOWVoQ,110,CHALLENGER,I,1059,799,440,3,MIDDLE,"[111, 126, 134, 711, 127]"
Xt_BIxcK4PfsVd8BfC7j44dQ6knBHYpxs8pRDgZpkBXCgdIgR1mWW2LZtg,538,CHALLENGER,I,1059,393,221,2,JUNGLE,"[76, 64, 234, 81, 104]"
eJ81tMvFsjtmd6LLx9NAptsXeEHb0zWPchfKlPIvmtU8JMc,130,CHALLENGER,I,1058,280,171,2,JUNGLE,"[76, 60, 59, 64, 203]"
baptfq_BKPpXw4sLbZ-nbyRq1aFYUgvAdEQt5lyGsRAgT0E,503,CHALLENGER,I,1056,866,457,5,UTILITY,"[497, 526, 12, 110, 53]"
rbVHjQJn5ciXFQLkkDTMePwB3kbI_S_SzBwQGvvFBs_ySa2jb3BAI3pYbQ,189,CHALLENGER,I,1055,859,457,2,JUNGLE,"[64, 68, 30, 76, 63]"
i8HN6DfsB9Jqmrs4UMSp1Yer1nYm3OiHAIa-KD2a1hq9Us6P,372,CHALLENGER,I,1053,237,144,3,MIDDLE,"[142, 81, 134, 117, 84]"
WFcWsZ5e-2U6KqFLMz6xXzqXBb7dbwyKg-bumKZef4pYHqCNRb2BlMoF2Q,54,CHALLENGER,I,1051,175,116,2,JUNGLE,"[154, 427, 56, 254, 44]"
D0q3DJW1gg0t5uQoJKLPFRqmHJpXHDSBzjYgN7WRC2mU-w,328,CHALLENGER,I,1050,321,187,3,MIDDLE,"[777, 268, 61, 126, 266]"
hS6qiFeKNw7-xfPNAL2G_EGqh1_M400GPfuJqTo4JhXxlDE3rZzV-qOiQg,120,CHALLENGER,I,1049,368,215,3,MIDDLE,"[61, 126, 84, 134, 777]"
xCQA6jdY9MPWeneTQiWoMPQOz9fCH_-D56JlHIbS3NdB120,378,CHALLENGER,I,1047,383,221,1,TOP,"[266, 68, 897, 64, 24]"
92Ql6Bk3z81h507y0BMgIX32KBCGnQv-zYW9H9XWMb1csSw,424,CHALLENGER,I,1045,319,185,3,MIDDLE,"[61, 126, 777, 518, 84]"
5aDaL7rUH_xJdvtIh5Jv1EAsO7xdedimJsu1U7In70494HTTPJLPVGLvKQ,94,CHALLENGER,I,1044,847,462,3,MIDDLE,"[18, 84, 126, 517, 61]"
mWVIdHJ5_U2RsX9KLTe0gBz5ESgtrRxQb3kQFvIR5oB62p7lJlnJ9UGaCA,671,CHALLENGER,I,1043,1371,706,5,UTILITY,"[526, 111, 12, 497, 53]"
hMrFiqPnDMt-QYNluFNEam-zD0BXIKeQCqk-64AXaLuyrNA,872,CHALLENGER,I,1043,1160,604,2,JUNGLE,"[234, 64, 113, 59, 60]"
Bd_iJa5LJp--vQZEOMtzRtTq8IkpYrj47fT9bLJJjIyRGpk,446,CHALLENGER,I,1038,379,211,1,TOP,"[266, 875, 58, 897, 150]"
lcmP_mjFVdGwyQXohT65tZ_HJ06zOaVqB0dUFvtYGbD-KsXF8VLe3OwR9Q,405,CHALLENGER,I,1037,500,277,4,BOTTOM,"[145, 498, 64, 81, 523]"
GApyl4-VjYw8nXq2hIsI7OH6zJkVXthOlsi2XZunJB8duUw,357,CHALLENGER,I,1035,1202,626,5,UTILITY,"[12, 111, 526, 555, 497]"
CBzV1l4cIO2EC0_sw_WkUpQax0mfsrzLh1_Em7kRnZZ18cj0,134,GRANDMASTER,I,1035,922,493,3,MIDDLE,"[61, 268, 126, 777, 711]"
zHnSsu_KeobRyV4CNDK5M4qyixMeDmOfiiq3VaKOlkcsTvnKI2U2pYDnmA,276,CHALLENGER,I,1034,613,332,1,TOP,"[266, 58, 68, 24, 126]"
KMOFfgrGQ_gOwpiegsxFuCuPXaBBkzCLfCtSUb4_JvKwh-EjMUb7PcOCKQ,398,CHALLENGER,I,1033,886,468,1,TOP,"[897, 420, 163, 526, 24]"
Cwbj4rSUh0P-JvduZ8PyZVzEjOvPann3EGFWnYgnHVxhdQ,491,CHALLENGER,I,1032,335,193,2,JUNGLE,"[427, 79]"
zmMfW1SkTLDH8EEKEdsXf3NTHAEdT14yWjbvXsa6P9XaZqA,528,CHALLENGER,I,1032,188,124,5,UTILITY,"[497, 12, 111, 526, 53]"
XLb1wzKqi9ZwjblZlrBs-Qj7miMOr31HLiwYMbjA01YoQpU,416,CHALLENGER,I,1030,233,147,3,MIDDLE,"[20, 3, 31, 78, 25]"
F88sPIbR_xQhN_t0OmDvvdCnmVm0iFhRVjn8WYW8Q-HwZ3c,192,CHALLENGER,I,1030,297,177,3,MIDDLE,"[555, 246, 84, 238]"
TPi6XH0WruStH3mCNWUjh06aarann9WeDPi81_UB42xr9YM,557,CHALLENGER,I,1029,761,403,2,JUNGLE,"[64, 76, 104, 517, 163]"
h4r8VGbhCMpNFXffcMijwBFaLFz5rAcDZNz6tnomqySv2ngnT6ma19zK3w,205,CHALLENGER,I,1027,158,100,4,BOTTOM,"[81, 110, 498, 22, 429]"
Abn4ywnhMwMedkqPMaoKUniBpkuZrJws95Xi2p50ECzsuP_oDDktSeyXug,164,CHALLENGER,I,1026,745,399,1,TOP,"[24, 58, 126, 266, 39]"
na1pIGBs51GHOQTnbFD9n2ZGWkqjhHdZ1Y768FWgneRBuWA,562,GRANDMASTER,I,1024,1833,946,5,UTILITY,"[526, 412, 12, 497, 432]"
DB8aooiFepCDtP6MhmPjhQXRltDW_Jg_y8vIi0_crX_tlkM,124,CHALLENGER,I,1024,431,243,2,JUNGLE,"[427, 59, 104, 163, 121]"
bw1dZlZD1PMGsQhz8bhiQoi2neAs7Q6hRNAHaKGnuXipP8E,544,CHALLENGER,I,1024,934,494,3,MIDDLE,"[4, 61, 112, 79, 53]"
O4xLcgDjquF6rhMuViE1EM7JMWkjBWZvfBmJWgnhJBKH8rZS,528,CHALLENGER,I,1023,623,332,2,JUNGLE,"[64, 234, 163, 59, 104]"
PUxOra-5W_oqSY777wFFL8tRmRAmXeHC7FOz8jYkNihH7F2m,348,CHALLENGER,I,1023,584,312,4,BOTTOM,"[145, 81, 221, 523, 498]"
w3yZ5cMvgO37o868fbHdC3urEd0cfs_iv-0qHYaGZbm0h_WZCB7cCO62eg,162,CHALLENGER,I,1021,354,197,1,TOP,"[897, 266, 777, 24, 126]"
CeAtIWFlh4kxm6y6s0D3Jot6kRU8WzdB7KWMmxccUREsKEn0PE8hVVEijg,438,CHALLENGER,I,1020,950,500,2,JUNGLE,"[64, 76, 104, 234, 163]"
Fynod-J859ijI8qlf0XVFY0OH1HjmCKo1rNQAG8mLYOwgN0,683,CHALLENGER,I,1020,487,275,5,UTILITY,"[526, 12, 111, 497, 412]"
sRSsfsiOHg-Ovo7KA0RJU41kTAp-wIxRYAPBUxC0vedVR8o,170,CHALLENGER,I,1020,446,251,2,JUNGLE,"[136, 166, 200, 104, 154]"
7mmH9--GvT225ZKt2Z1uiwDrI6acE1dA18HZrS9vn1f6P-HOsdFu9vyGHw,86,CHALLENGER,I,1020,183,116,5,UTILITY,"[22, 910, 888, 432, 498]"
1YVpWkVk65IfotTVkd0Xu92nEZJXGJSBkG5cqoBep-TawPtWC0BWDA5iUQ,243,CHALLENGER,I,1018,135,86,3,MIDDLE,"[142, 117, 14, 54, 18]"
EydemLN4Bv8UAzE7xFg4yjwVV-7QWatIrvrW9MwMaJLePZw,635,CHALLENGER,I,1016,481,263,4,BOTTOM,"[145, 221, 429, 110, 498]"
m2XFhBEX4Jgi1kkxntfZA44oqQ9Or_ljjmo2Cj-V4ryweD3B5UukrZTYYg,55,CHALLENGER,I,1015,228,145,2,JUNGLE,"[203, 64, 59, 104, 24]"
39xhgqIpWl3u36tZ3uS1vU0Ybeu962oxtib4fcIxycbk9kuhGvDdi3H4jw,146,CHALLENGER,I,1014,688,370,4,BOTTOM,"[429, 498, 145, 110, 81]"
-EkGZNdc0k3kTqFWGNvSyP1pHU1rBpkm-YFu-2pVa5k7te3V8jyuVYwuVQ,509,CHALLENGER,I,1014,642,348,3,MIDDLE,"[517, 126, 268, 84, 518]"
NdQNJ2vqxNz_CxBOQmdlAOJculQQzIBGfRW20QPW0PlmRxY,371,CHALLENGER,I,1014,345,200,1,TOP,"[79, 266, 897, 126, 58]"
AL4_toSyIGq5qKw_XTqCEL4BgMNRLQ0zHKtyEGSfpTOphrAsKDqhMfOenQ,85,CHALLENGER,I,1014,333,197,5,UTILITY,"[518, 526, 497, 16, 53]"
SgPY2hB8hFkIZruUNfrooVVaPmmgarkPiM0FOKXHuYZCQXLDm4tIFhHWdw,168,CHALLENGER,I,1013,589,315,2,JUNGLE,"[131, 81, 121, 76, 421]"
3BV724o9XGh-KGmZTTCeBv8lCHbLAeMm7XjavXeNqnG2Cc6eIcNQKJfPNA,248,CHALLENGER,I,1010,548,296,3,MIDDLE,"[777, 517, 61, 268, 18]"
k19nhIf3y-LdFjdZaFtaEIAxr5CrtLw9fffEnUpHP1h3vw,831,CHALLENGER,I,1010,464,254,4,BOTTOM,"[145, 22, 221, 67, 81]"
tMBlvjnoUHaSCPYzAWWP9uc_d2Fw7rrGFkYe4TTkhSCDi1A,534,CHALLENGER,I,1010,206,127,5,UTILITY,"[12, 497, 888, 897, 53]"
4SpOi-YbdA4leVNAtMxDn_0mV8Wu2Joh5Vfq2uhKKDF_4kQ,494,CHALLENGER,I,1010,697,380,3,MIDDLE,"[84, 61, 711, 897, 777]"
FkHoK6oDM-x8HdNboly57jFzzz9FWb-c8Wne-voFc7wzam8,636,CHALLENGER,I,1010,768,405,3,MIDDLE,"[61, 268, 126, 517, 84]"
5B0cpf7hDflvMY8WOMuopahAPe7baHt-twCwW4FZni57z64w,556,CHALLENGER,I,1010,990,519,4,BOTTOM,"[119, 145, 498, 221, 222]"
6GgAlem94soir5257Sp-4mzB6IukDAo4xN2ksJ35naU6FtU,534,CHALLENGER,I,1008,671,360,5,UTILITY,"[497, 432, 12, 111, 201]"
ZjhbFaOUyn_dmpMmH4yA9J1nCxZUV9IY1PhBD5s0JCZ4CQ,464,CHALLENGER,I,1008,504,276,1,TOP,"[154, 43, 98, 113, 223]"
V4Tau_jAtNaQNcvxX2eCQYMQfnuGukuH3U8eZ9FXF0i_S3k,150,CHALLENGER,I,1007,801,445,2,JUNGLE,"[64, 163, 104, 59, 30]"
w4Sl-Typ-mCZMA4nFrnyJak8WKODXR-A3avilMDSyk3m-jU,658,CHALLENGER,I,1007,456,246,1,TOP,"[79, 31, 14]"
2fTCpGU1i2Zs3Kt8bQhgqqWg2v4y808YTziBtXRq_IOPdp4-ObB782Y0vQ,124,CHALLENGER,I,1005,986,536,2,JUNGLE,"[104, 64, 141, 254, 163]"
COHeh2HnForE_O5RRtmlY5lzVkOFxaS3k3DXt_zLmC7pQQWJfyQ1ykh0Hw,306,CHALLENGER,I,1005,826,460,4,BOTTOM,"[429, 235, 85, 897, 58]"
x1GWATAb8SkPWOYETldmzkcMEvEHMMzVvAcypZNoadT6Z0I,345,CHALLENGER,I,1005,694,369,2,JUNGLE,"[64, 234, 163, 59, 76]"
w1f4sVDfd1p7BDvjOaQN8K199XUDOYVHqOblQ2ZWeSXivhz1odzn4-Eocg,153,CHALLENGER,I,1005,487,267,3,MIDDLE,"[4, 166, 711, 53, 90]"
r92Jl5mEVZuIBL2yp7DxGKTEb6fZ0C_U_7jMy6KeVsnFvQIX6OfxJfh8AQ,99,CHALLENGER,I,1004,282,166,4,BOTTOM,"[145, 498, 429, 221, 523]"
O_0O_VuW7Kiivs2rz10zmp9ur_MCEefsJ3lF-84sTUkSUw,361,CHALLENGER,I,1004,824,444,1,TOP,"[77, 68, 897, 23, 58]"
7NuozPsWDmH0SS2DMDiqA9MQQj_aOGPCVSG2-dfHykwI27c,1124,CHALLENGER,I,1003,872,464,4,BOTTOM,"[145, 498, 110, 236, 221]"
pSpzDD2RrnGA6dXeKi_7mqkzyaCt_fW3jl4uBh6b65R2Zw,548,CHALLENGER,I,1003,848,451,3,MIDDLE,"[126, 517, 61, 134, 18]"
N4DHU6pcKeBINGvLQu_dddu8WPwL2kroN2SO8G54eAqEb7DwV6eLpgrE4w,58,CHALLENGER,I,1002,383,205,2,JUNGLE,"[64, 200, 163, 104, 56]"
UtPNYAQG0TYP-OnhFYZ2s-Tr_GNacFPxU-Ujm6N1ruvDpA7i,605,CHALLENGER,I,996,1366,711,4,BOTTOM,"[145, 221, 119, 222, 429]"
HqTOjD3WZgGIXwduN5L5TYiubxK9XQq5SicjrepIAN_r5lA9KjEALeonnQ,70,CHALLENGER,I,996,373,221,5,UTILITY,"[497, 12, 53, 523, 432]"
zPSpnrg2ThCpypJxArko3LXKPOKUfapOtMO4Db1PGHP4OkXu9dz2rJP7_w,200,CHALLENGER,I,995,1218,661,2,JUNGLE,"[9, 427, 104, 102, 18]"
YMO8nc3vstqNaW-fU_TK830Sd5cGiM0nkoX_WUySrCSEoFOpjEj5jazFww,162,CHALLENGER,I,993,655,356,1,TOP,"[24, 39, 266, 777, 897]"
qHa-1u96W9jioT6MfLGnG0vnG3h8ghU2no6kHW00wFXN6Dk,625,CHALLENGER,I,991,515,289,3,MIDDLE,"[126, 777, 163, 61, 517]"
0yyuCj74BJ5kieOHBKS-aQ7aqu8bAFfyi3mumrY0-ey3QoKRUWq2EjP9_Q,144,CHALLENGER,I,990,457,252,5,UTILITY,"[497, 526, 902, 888, 57]"
RoRGMfW8AmfKbaEGsovm5TOwA9ElsV7kEZY1ZN-xWRr3wOEnFmQZK1hthw,392,CHALLENGER,I,988,1433,742,1,TOP,"[58, 897, 777, 266, 68]"
Z7gI3ZmE8SNFsj9d0gcSg_kRh6Dbd1klUV6OKza6SuuxMzE,224,CHALLENGER,I,988,362,204,2,JUNGLE,"[64, 104, 163, 254, 234]"
_oXzlXpikixz2U5_SJpkwig_3FRkNTurdfQn0niYi8lExX_Q,499,CHALLENGER,I,987,1235,638,2,JUNGLE,"[234, 59, 64, 497, 78]"
HvYu5a0AQPNlq4Ct3LzjxDcxaGjCNXhoq8VuU1YTDFlocWL5-mKBMvRb1w,135,CHALLENGER,I,986,822,435,2,JUNGLE,"[104, 64, 163, 59, 234]"
YuXmi-wiaCM4xvsR2i6mNziDh6OLQ5EKoMjJW0QQDD80yK4,513,CHALLENGER,I,985,818,433,3,MIDDLE,"[268, 134, 84, 777, 897]"
xprk_tcsXJUlyvqY5BXaGY189xkEzaidohZ36XhM0ET5Gm29Qc7F6RDoYw,180,CHALLENGER,I,984,620,331,4,BOTTOM,"[145, 235, 429, 523, 498]"
UW7M7DyBAHoHUJhr6F-wb1o1Js18nkNulz_75qIh6XoJuAbnzCoUGtGlzA,449,CHALLENGER,I,984,1545,797,4,BOTTOM,"[429, 145, 498, 110, 119]"
KzeDbHkziget72Pl-N_cG61pxcL0Ts4_OpRKaUwPIQFPN2k,406,CHALLENGER,I,983,488,268,3,MIDDLE,"[157, 777]"
JMA7f57w4gD6f2i-Kuc9mjw4rUSIHGcuykReNHdR9WCn_2B6no6-896SVg,167,CHALLENGER,I,982,391,220,2,JUNGLE,"[59, 64, 104, 121, 234]"
fYta2883regoXK4Pees9Zp95F1_EKG09kBjAh-Lu3XnblQ,684,CHALLENGER,I,981,785,414,2,JUNGLE,"[200, 12, 74, 60, 421]"
v4-P2nAS3rTnLiTZNezt8Pud9jEmYg_6IM2RExkFxGNP2C8,628,CHALLENGER,I,980,564,307,3,MIDDLE,"[91, 517, 84, 58, 516]"
BOHVX_wMSyaDBa2oxKAR778y-dxRNda6_6v4CkTCZm0AZaU,480,CHALLENGER,I,979,545,301,3,MIDDLE,"[105, 875, 53, 15, 412]"
rB1ux-8t6FnCRqOLlVAzZVn4Q4ghrjRX3-zLos-2IPJB-VUrCI8WhJpxYA,396,CHALLENGER,I,975,1100,574,4,BOTTOM,"[145, 523, 221, 498, 429]"
d3rMHtpzOgpMyTTKwTScuIHSG0q6fb1fNsjIlw0VY0xRM0I,527,CHALLENGER,I,974,762,405,2,JUNGLE,"[35, 57, 59, 58, 876]"
DUPevXjSM45oFdZdxcLMDz31aSxA9uezk0pCU_Db3PfXT3A,838,CHALLENGER,I,974,339,194,5,UTILITY,"[12, 497, 111, 432, 888]"
tyJiNo7uLJ9HHUkhVFJUCuyUaUZCw1gNz6W-PYlxhimOrYE,363,CHALLENGER,I,973,334,189,2,JUNGLE,"[427, 516, 61, 64, 58]"
VGIYjwT8EQE-rZApV35VA2oeKeDXCFEwFCmVulN66NeWcpg,493,CHALLENGER,I,971,484,274,2,JUNGLE,"[24, 64, 104, 234, 76]"
OuEPeqxnTfIVb9zQeFSI2-2YRMTAG46-yvJV7o0-W4cE3O7Bzxxo5EoAwQ,197,CHALLENGER,I,971,485,266,2,JUNGLE,"[64, 163, 203, 59, 104]"
D5LfEnwG-MgqwNo-3cWQRp2zEUQYKU660RjpfEu2GMwm_3U,174,CHALLENGER,I,970,472,265,3,MIDDLE,"[3, 61, 497, 84, 68]"
78jnu4Un_qpHQIZLr5aEwkIVb1ZyeEi4kzrujD5KuQR8fSA,334,CHALLENGER,I,968,1022,544,4,BOTTOM,"[145, 81, 110, 221, 115]"
yrA5jt1T0m06Tr3slFUP1h4Gv1gfPHIxXNmW9p6U7HVNn5alwiugx1BMCA,190,CHALLENGER,I,968,326,188,1,TOP,"[114, 887]"
Hr4fL6WhQ9NLUxzu6yfDGQUZxkeLWQcrPALfWtRXvSxuqSc,220,CHALLENGER,I,967,448,247,2,JUNGLE,"[64, 104, 163, 59, 121]"
2wW551nOw6J7MmGRcyuc4LUQlIuqbjW7cjHYhj7p3GKRFEU,526,CHALLENGER,I,965,855,450,1,TOP,"[126, 84, 39, 897, 777]"
zoabQBmP1ViuU7aFWVFHThgm5USNsIWZEfumRWJbWnyTucg,275,CHALLENGER,I,964,315,187,2,JUNGLE,"[64, 234, 104, 245, 59]"
vSEpYU63RK1xU8ipyjJRB9HUavtooJppNR8ibWd8F1DMLf_iHvQAX2p23w,98,CHALLENGER,I,963,246,146,1,TOP,"[10, 33, 54, 518, 777]"
0hFM5wAmFod8S7q-MZ21np63CSIOevzYiczTNvDmBm8OhXs7,487,CHALLENGER,I,962,619,334,2,JUNGLE,"[234, 154, 64, 78, 427]"
soXxCUBgZljSvVLnDdNSVFWGcZVJcP-NeoY7PK4lKyR1CBY,400,CHALLENGER,I,962,431,239,2,JUNGLE,"[104, 200, 79, 120, 163]"
8LCK2WOL7vH65E_jFgTs1X-1XJ5-oMyaR_PVRkd1SsIJVWFk8scDxV4EOQ,669,CHALLENGER,I,961,1718,882,2,JUNGLE,"[64, 234, 421, 104, 517]"
nKc9gby9csVhD_3aFxzGLQ69v1Akl3ZY7QEh3OsOLX9MqG0qxhECManLFQ,99,CHALLENGER,I,959,522,286,4,BOTTOM,"[51, 429, 110, 221, 523]"
LiKL6y5ozAW-pVwhG3F6ze83ydYyK526t3J6qTx64xW7tRkQcz3-8f06rQ,221,CHALLENGER,I,959,364,204,2,JUNGLE,"[24, 104, 64, 76, 203]"
wOlfpVbMx7qnxB3bl2_nXEuABc-hP-NwvSQe3AAbPZdpe7M,429,CHALLENGER,I,958,612,327,5,UTILITY,"[111, 12, 497, 526, 888]"
Q7OJbcwnbImcyWFDAuyenH5R3fWm8ZSpGITm_Hy9hbcuue8,579,CHALLENGER,I,957,942,489,1,TOP,"[58, 266, 68, 24, 897]"
iXKiAXLcAwLDiAhzDtNLPaoquA4SSVO5p3I-wAyZAnEFClM,648,CHALLENGER,I,957,484,262,5,UTILITY,"[497, 12, 526, 432, 111]"
5wEKSL3YJjtQIml5MwGtx9xWeOCxJz1zo-4fUzANunbV7mU,186,CHALLENGER,I,956,594,322,1,TOP,"[58, 68, 24, 266, 897]"
WqgP2kVrwCTN4oG474qB5XndmpYQ6rqis2KL-XDJbuU4bm2_OFs4uNrsmg,155,GRANDMASTER,I,956,239,143,4,BOTTOM,"[145, 18, 523, 81, 37]"
onfo8KcUNM41zKRHY26X4M-JmlhUwyYplZ_NK9qigbtmm0QS,312,CHALLENGER,I,956,943,495,3,MIDDLE,"[61, 126, 134, 163, 497]"
8FRjfTp2yYq4YX3sTjwiZER2ZrI78bgMLXd4rZT_oKTXU2SQJd-5ynGHVA,99,CHALLENGER,I,955,890,474,2,JUNGLE,"[104, 163, 64, 234, 141]"
RAVsePSCijCkivGfo1BQIP7rpQLHiWRSxxRGLX-ce1X4z6ieRNRBYln9gw,105,CHALLENGER,I,955,455,253,4,BOTTOM,"[145, 110, 429, 523, 498]"
b6icyIbn0yVUJanmloFC0ar6Bwcx2bF6fk4N-Te7Nv5_k-c,198,CHALLENGER,I,955,340,200,3,MIDDLE,"[4, 61, 112]"
SjSTVtkoH2D2OBeno8-9rC1J1lpJEkPiEO-JlTsWq7y6Clo,766,CHALLENGER,I,954,1248,650,2,JUNGLE,"[234, 64, 76, 163, 53]"
kh6_q-sjLYAXIpWf79f68IgrnPYgvpTr19fCO5zkySgfKg,593,CHALLENGER,I,950,438,241,5,UTILITY,"[432, 53, 201, 115, 235]"
lG7zbHej5d7s486pm826rNBi3ikNbNDIbhYElt80CPdqhcUCbdX4-GKKwg,143,CHALLENGER,I,950,932,492,3,MIDDLE,"[61, 126, 84, 7, 245]"
naSO76YyqWs4GrkN6-rYlhiYHrKqxMxS3TFDCSyTWbUlm7gdgCgc_oEJMA,70,CHALLENGER,I,950,379,216,4,BOTTOM,"[429, 145, 235, 498, 222]"
jPnEykLPV-r9qbbRuR86p52kieilMeauiZNWq4_EQzsdAA,446,CHALLENGER,I,949,781,414,2,JUNGLE,"[107, 76, 64, 111, 104]"
OF8e6ttp9qrnCfxmSCzq_MxlXpsnnRoybamO362r3gp5SXU,516,CHALLENGER,I,948,485,267,4,BOTTOM,"[29, 429, 145, 110, 202]"
I2uPGokiEKRL_XlzDedDJg2CqbFbWsNsni4IUnvDYMsy027drUGku9auEw,141,CHALLENGER,I,946,422,237,1,TOP,"[150, 24, 58, 897, 266]"
x1XXQhu9DShQDlSKWaxDPidQ8WzuQiMA9Gr6aVtacftBnW0,401,CHALLENGER,I,945,379,213,5,UTILITY,"[497, 432, 111, 12, 201]"
Z45fiLDJcrH4pDoGaIOe9elcYamGy6-yNCdRbRiu8Rpjfcs,72,CHALLENGER,I,945,340,199,3,MIDDLE,"[61, 777, 126, 84, 103]"
sqQc-LxxEOT7_IKKymwt9gFPacgNmE8qpmKYeeVKr6YBCS5cuXsKvq9gyA,395,CHALLENGER,I,943,1457,756,2,JUNGLE,"[163, 76, 234, 121, 64]"
oz5rg_AHGkDO3Mu0Ulf0iofON12edyA1ShTcjyRgg9TSl2J32EAWWuRavw,68,CHALLENGER,I,943,200,122,5,UTILITY,"[51, 40, 16, 147, 235]"
h04nG1lu7T6s_aOh447Wenrg3UmP9hdJlllFNNqC_KKjkLM,770,CHALLENGER,I,942,573,312,3,MIDDLE,"[103, 134, 61, 518, 18]"
2_xcjgpr177Wkfsei1oTChWOHBcMrOq20iJ9R6zQ5DHSAS0,499,CHALLENGER,I,942,312,181,3,MIDDLE,"[61, 777, 84, 126, 518]"
qqj8C_Hka6uqh4oxf04aPG6Z8gd91AgtfZUvqPA4To6Y7zU,234,CHALLENGER,I,941,545,294,4,BOTTOM,"[81, 222, 145, 110, 498]"
YXx0ld0DayA1moQqpP1p9pr0KLelm7325OB1foeVd4XVV2c,356,CHALLENGER,I,941,520,283,1,TOP,"[68, 24, 266, 897, 126]"
b0kq9Z0mfw44NgBKF_WwtzyqhE0vonDpPMKTAKLjLSWhrrM,923,CHALLENGER,I,941,526,280,1,TOP,"[8, 111, 266, 54, 85]"
phUmGW-qG-6fb5V5yB5dBk3-tavVeHUrry3r2Oky8VZpeFk,383,CHALLENGER,I,940,765,407,1,TOP,"[39, 126, 19, 897, 23]"
mhhkzCfPksE2xsvcpR-hpzQhYfiZaTw06BgVtn9XRbxSadE,608,CHALLENGER,I,939,1190,617,4,BOTTOM,"[202, 63, 115, 53, 110]"
Sm8nQT0m-RAlZhMtSOC80D5tj9quBb5JyLw9vSPhC9WGEaFhi_S4B7SEJQ,239,CHALLENGER,I,938,459,253,1,TOP,"[85, 887, 897, 58, 266]"
Tlttvk3De0sDglLLc0AyVqr3w1UycL3o0dSEpmsqScb30aa3NINYzmBYpQ,255,CHALLENGER,I,937,721,387,3,MIDDLE,"[518, 84, 126, 18, 103]"
_90deMjj8jt7-rGYE9If_PuIBfYOpiOUkmhJFzkQl82jw6Q,145,CHALLENGER,I,936,607,329,2,JUNGLE,"[163, 104, 76, 64, 142]"
xGpW4HfFqLrHAzzkYbR5oh3SB3y8jagkOnt0HwlS9ubHTxE,426,CHALLENGER,I,935,207,127,3,MIDDLE,"[91, 39, 134, 84, 517]"
3dQv7hMk-sh0iRSNgnwFtXIovfSkO57xhL9keVrh02PwgnOp,63,CHALLENGER,I,935,197,127,3,MIDDLE,"[4, 61, 126, 103, 142]"
zA5QoL6Qe5jJaXrHGQfrBuCggcTLsHryC82TopbTQMPWEOw,680,GRANDMASTER,I,935,973,510,2,JUNGLE,"[64, 104, 59, 234, 18]"
E-2dJnPaUYv1v6Z5AHcWSznD5hhWgZvEHbqKX2yiR1ZIWn0,175,GRANDMASTER,I,935,402,228,5,UTILITY,"[497, 145, 53, 429, 235]"
NUTmvOLaXWmEBIVZCx_gtL-62EfbfqTbP1YFIYZjEeTJTEb-6gOqjTqtNA,179,CHALLENGER,I,935,612,331,3,MIDDLE,"[61, 518, 777, 84, 517]"
ZcJKmKIDVdZT24Yq8R4Bp_8p7OZ_LihgjLVREPaaKflwlQ,640,CHALLENGER,I,934,622,336,2,JUNGLE,"[30, 163, 56, 101, 120]"
RiGLmnxfRmbBnF-NAx2ArIJHaZkIKLjXpR_Slo6EVt9klRQCmmr0LNPctQ,146,GRANDMASTER,I,934,708,377,4,BOTTOM,"[145, 523, 51, 429, 18]"
yoZfBWjbI9BkxGQCkrAjDuhvZlm7usxlycJ6nkDhlcXaGQI,708,CHALLENGER,I,932,458,252,1,TOP,"[68, 104, 266, 58, 110]"
KsVkrWkQQEY4pz5JN8m6sgLYE6h5uRofVhjWvuewsb7D5_bM5zF3bmH-HQ,234,CHALLENGER,I,932,353,200,2,JUNGLE,"[64, 234, 104, 68, 76]"
hjAI_DJM0yP8fZ1KofrSiI8B_GYn6RqIVSueDgOO8UnAuEg,327,CHALLENGER,I,932,325,185,5,UTILITY,"[497, 12, 526, 111, 43]"
uRKcd93EKboq3Any2lMC2bh2LzAmZMweZ7X9H5xVp6vzmV0,553,GRANDMASTER,I,931,985,511,5,UTILITY,"[53, 555, 12, 497, 432]"
5prZsGPYMH-2vJOMNVlSQhsXen5TWbdHW9zrjbK85jZeUg,766,GRANDMASTER,I,931,1060,553,1,TOP,"[69, 30]"
Fh02uvb5XZmrr0sOxUjvLQhsrbMbkHIpyQfOnwwGg-9F1n4,659,CHALLENGER,I,931,498,272,4,BOTTOM,"[110, 81, 145, 22, 119]"
cMGC4F15POYqsY9fSzbR-_pskCwhnlsJ5zao1HIalCIz2Fdy8_k41fSiwA,320,CHALLENGER,I,931,897,476,2,JUNGLE,"[104, 163, 64, 111, 76]"
xMhCHMgxa6-5AGvKrddyEGCzIjLpf3koj4JU468XGrXwqlM,653,CHALLENGER,I,930,948,501,4,BOTTOM,"[145, 119, 429, 81, 64]"
M81YXlT5Wt0k8Tjns4CvHDWDw8Adpsb0RjWLQkdbrQ5ZMKg,152,GRANDMASTER,I,930,474,262,3,MIDDLE,"[61, 84, 126, 268, 103]"
_Si4de__rIQVh8krJdEj5Crlv0tsqOtsOm4MhU-0bYcRAvc43V1QlUELKg,46,GRANDMASTER,I,929,173,114,2,JUNGLE,"[64, 104, 163, 234, 76]"
MddZJGGDCssOBMAwsdHYKQ9QZY__oQjtxWiUmneqbiieSctAQmsSFJiOaA,708,GRANDMASTER,I,927,1657,852,5,UTILITY,"[526, 497, 111, 12, 888]"
1P2CaVBa5pYZURg2BP9nlZF8N8jReuqTbKu5u1Z2RbG2J09rgE9UirLFng,234,GRANDMASTER,I,926,1647,853,5,UTILITY,"[497, 526, 12, 111, 555]"
DLhoJTOoNH0dKrWcgwJP-561PC8jzRTUOJXTO9UOIHoWL4w,274,GRANDMASTER,I,925,1025,538,1,TOP,"[126, 24, 897, 58, 266]"
n5ZnooCY4IQ7waPOJ4aglnaQU2TB78ogAZEloJsJygqws90,855,GRANDMASTER,I,925,858,449,3,MIDDLE,"[234, 221, 895, 245, 80]"
K9Bh5iUTWGLyAKl728YeQwNZRaeS3FB94-H6UlFBHaT_9obMbL5UHze4Og,139,CHALLENGER,I,921,491,266,5,UTILITY,"[497, 12, 432, 888, 22]"
fMq2pX1hWYM7sGp1SraKAuMalbBMaCSsuuUjH8V7Mgq9nlaWDPclUx3bIQ,225,GRANDMASTER,I,920,562,305,3,MIDDLE,"[518, 711, 134, 142, 67]"
KLvrFedOpfKznIrQKZ456AwP4F4U_QBcW2hkrgaDvYs6nsg,631,GRANDMASTER,I,920,602,324,4,BOTTOM,"[145, 498, 81, 51, 22]"
zpnGS-bbSWODgFyWpGwVWKd-O-uZT3oDQe8KeqVhmbm3_h28HUZHmVnd-A,409,CHALLENGER,I,919,861,456,3,MIDDLE,"[61, 126, 18, 777, 84]"
xuqxSA-4KaNCw-EC6JNGcqJaeb_58AxOKs4ERoVIt65equp-Pp2dCMVycQ,248,GRANDMASTER,I,919,643,345,1,TOP,"[68, 24, 58, 897, 111]"
I5IxYPGZZcYPJmk9E1RE1sgMuqdnMdaIF-eLL3sOP8LwC28,1098,GRANDMASTER,I,918,1545,798,4,BOTTOM,"[81, 119, 523, 429, 145]"
IcJbKGiuCKAtX3CNogg5h8hOrFrHW1leGfXsxPPH9HqNh8xfXiahER9v_Q,75,GRANDMASTER,I,918,350,204,4,BOTTOM,"[145, 221, 110, 498, 429]"
rgogZvWBDLp2ypnOlKfoyiseC9cs1ymXSwo6b0zB5ObnFA,277,GRANDMASTER,I,917,434,240,5,UTILITY,"[412, 53, 3, 111, 12]"
YLQ07FYfHffJ8gd7rEr8io7Tjf7oVXUz4bpC1ruze3tKl8rjKGJFfMJxbQ,172,GRANDMASTER,I,914,624,335,1,TOP,"[58, 24, 68, 266, 897]"
DJiTyCKcQFbAMbWH-cvMjLuCs55v9zoyYp0ttFsK1zViiYmWhonSL7O_-w,100,GRANDMASTER,I,913,794,435,2,JUNGLE,"[64, 163, 59, 234, 254]"
KrGdpPUrU2SHEq7PTbViYHuTqDq8nx847nS-jLm18s-14lkBTUq5-6L_VQ,318,CHALLENGER,I,912,744,397,4,BOTTOM,"[145, 429, 523, 110, 222]"
pT7i18pEmfM7_dCx5HC174s6Ts1lFYgOEuWdXjaDIhJ1DEXG8n0soBXcNQ,135,GRANDMASTER,I,911,671,363,5,UTILITY,"[526, 497, 12, 111, 53]"
SQnNsl4h2Q2WE-lrTnGFPbTgPBJq4UyIjeuF357Wk2ONHx1WJg5awu03sw,44,CHALLENGER,I,911,182,117,5,UTILITY,"[22, 526, 145, 40, 555]"
XR1uyl5B-jcYAGIvTxxRfHkt4SqSLFEa5SpODeCm1juSw7o6-yojvIY_DQ,114,GRANDMASTER,I,908,770,396,3,MIDDLE,"[142, 20, 30, 876, 1]"
W5TRiorc-mvNUiExKNvQVhzOevHULhABq2akT2miXFOYvFg,231,GRANDMASTER,I,907,378,211,3,MIDDLE,"[910, 18, 268, 126, 518]"
cM6BW6FbZHt3hMqvyRFFZj7qGXtgSgrHPD_p4_txGTcl18Hup-jBtSM-SQ,337,GRANDMASTER,I,907,706,373,2,JUNGLE,"[64, 163, 203, 234, 58]"
gRur9B3GbQIXBuNp8nvgpn8MhwECjfO2CWNWHvhq78STqiVifAbmlg5mjA,163,GRANDMASTER,I,907,609,327,2,JUNGLE,"[59, 497, 64, 104, 254]"
4HX58wrZdVYYNWlKNaicW_OTpoZagXCfdGw4ryT9w41dOxH0TY4GDVvSpQ,84,GRANDMASTER,I,907,382,213,4,BOTTOM,"[235, 145, 498, 110, 429]"
aZ5hRqS7u4J3xYsCPl4bhlJFgYZ6-RRgOebtZXzJahZXlhTOLKF6urrL6g,152,CHALLENGER,I,905,876,460,2,JUNGLE,"[234, 76, 64, 200, 221]"
jwTMyectq3r2wU0vBHzkuA0x9Cj3Lsi9arGd0I0EDiE4IzA,334,GRANDMASTER,I,905,397,218,4,BOTTOM,"[115, 43, 53, 201, 111]"
BifSqLBNmfYHjYeX2jNWNQO5Zr3dKMTHgkrr6bFcvw-2qLtq,473,GRANDMASTER,I,903,675,359,5,UTILITY,"[497, 12, 555, 111, 526]"
R2jPffjcOSwx5U6wC-nZ19a1r-ne48T0e7LiSPEAbDRvRA,932,GRANDMASTER,I,903,584,314,1,TOP,"[24, 84, 39, 887, 54]"
lTz4BOvVQiL64fJqcxyM5ByITPGFxX830gvvZZfDdHr64CE,347,GRANDMASTER,I,903,487,264,2,JUNGLE,"[61, 104, 64, 234, 59]"
F7_Uj2_jVxbp-hi9ixYyTD6JjYERmvz4Z8CqKt1nro4obGrcA1p0mY92tg,135,GRANDMASTER,I,902,563,302,2,JUNGLE,"[64, 3, 76, 104, 254]"
jPA2eawlwPynVI4FqOK7VtJNoOKUVlbpnMAabMDTSBPa8k0,729,GRANDMASTER,I,901,994,523,4,BOTTOM,"[145, 523, 360, 81, 429]"
3DhRykUpr_J4j3_6SOohupyTfH97TiVrpc_VVagv8z7QoPg,329,GRANDMASTER,I,901,292,169,5,UTILITY,"[111, 497, 526, 12, 888]"
WWj494nv5ITFYCHuAJxOo_y_FGZImFPdjGW0dukZMQoudUg,453,CHALLENGER,I,900,855,456,2,JUNGLE,"[163, 104, 143, 115, 68]"
AIDzZF0AKsrHwsq5alhSHcRPvfkD5ntDAzovqXtoAASt2Qeq,640,GRANDMASTER,I,899,853,450,2,JUNGLE,"[64, 234, 59, 163, 76]"
kIl-drrgL1V1ZsHGyuOnkCh_I1vNCtSo7WFQf6kyXiP4qXU,1252,GRANDMASTER,I,897,773,406,1,TOP,"[897, 24, 266, 41, 64]"
VdVUvEXQryjaeG6fTNUzp_uxQL3sRZRfb2KBawTGc7THDsw,515,GRANDMASTER,I,897,695,368,4,BOTTOM,"[145, 429, 81, 110, 498]"
-h3Niw7B2-dZih4xVeIOU88ULu-CKatsD6YCcBC17o3GJ7Q,106,GRANDMASTER,I,894,428,238,4,BOTTOM,"[29, 89, 4, 350, 497]"
Jmo-qlOgItxDM-Grbk-CxiHRMwsv1AeF2IA6Bk4yEfrtx93VY-rDs20NBQ,222,GRANDMASTER,I,890,244,146,1,TOP,"[897, 58, 24, 266, 150]"
jMf_neETVdvLwYbdbGYChipx9NVxbvRyHpn_LBiC3jU81g,313,GRANDMASTER,I,890,219,123,1,TOP,"[17, 23, 266, 41, 134]"
P78uNqOLhzj8eR4nPa_Kk4LutGNHqwDQWHkpJQKFswgsVlW-UXP2aPIs7Q,214,GRANDMASTER,I,887,385,218,5,UTILITY,"[44, 119, 29, 81, 145]"
kWl9ec6ly8g4X5qIR5kBDBRk4WaKH10eQlJcnEsvIzgrO2RwzggNz8O5-A,94,GRANDMASTER,I,886,379,215,2,JUNGLE,"[121, 120, 79, 141, 104]"
KYn5KjM7-OHQMpwzgsTnECxuTBv78pxUPpWUlODgc5RxavA,281,GRANDMASTER,I,884,340,193,3,MIDDLE,"[61, 777, 134, 518, 84]"
4u6dhhQg0s_ivwbY84GuKgGm8ygrUSgLauXJm2STCWY1BNM,360,GRANDMASTER,I,883,458,249,3,MIDDLE,"[134, 777, 112, 53, 127]"
_7HX-OmEgVhpJh2LysKu7de8GhLRlG1hvUXDADAo7D9_F3Q9xBmnyvC6LA,362,GRANDMASTER,I,882,817,432,4,BOTTOM,"[145, 498, 110, 222, 221]"
mnntrb1rAQcbPl6i5c4ANGPa1g8wxq-G_UN4TAFoX2TS44Y,246,GRANDMASTER,I,882,1427,739,2,JUNGLE,"[64, 104, 234, 121, 254]"
VMHeoOzlBuRfMXNIBmEOh_i2H1pZhtm7VgZNvie6HzZ_IsJ0zkw96laK3A,105,GRANDMASTER,I,880,844,455,3,MIDDLE,"[61, 777, 126, 268, 517]"
-nK9kwIlWMqvz-D45M3wQbrvbBgAKwWqS-7ZttpTx2jwOpfQz3AkYz8k9Q,229,GRANDMASTER,I,880,785,418,2,JUNGLE,"[64, 104, 76, 59, 234]"
oBSqsLwiMcC7_j0wJlA5o2du0iYlnmBD1wsP4O5GNSE_UzZzL-vtBtiu9w,86,GRANDMASTER,I,879,455,263,2,JUNGLE,"[163, 64, 104, 60, 234]"
6O_N0DMuuNbWQeyDStdosbt1IM0MxeGVnoULmjFgbOJRLX0,651,GRANDMASTER,I,879,504,272,4,BOTTOM,"[119, 518, 145, 81, 221]"
LlLy4zaPdIuoWwf3URrT37Su9Y04gD2ZSFJ_a_pV6KGwWJzIWPQXOOnFzA,194,GRANDMASTER,I,878,854,452,1,TOP,"[24, 126, 266, 68, 897]"
NaMn-3_ZoZBPQLydQqTSIGRud5bK3cef7Xj7pAdIxAhEdb4,337,GRANDMASTER,I,877,835,436,3,MIDDLE,"[84, 126, 61, 777, 517]"
iei_GSD9WhCtpmJBNxtpxvCrN38e_7KjoUZz2aUGlf5DiG0,201,GRANDMASTER,I,877,1051,548,4,BOTTOM,"[221, 61, 145, 517, 777]"
tVeQsBWqQL0ALrqUqgUJ2hKybUrOb_MWNhRwPBCnoCe2S3x3gKO5RvOCBQ,140,GRANDMASTER,I,876,213,126,3,MIDDLE,"[79, 268, 897, 517]"
hulSqMcyDybUm4C6PEG0N9qaVMOKW0qCgAqXPdG5TjDuL_wg2wI9OnJ86A,251,GRANDMASTER,I,873,600,325,4,BOTTOM,"[51, 81, 429, 145, 221]"
cR-k8qfZiew1ENQOxtDyTdycEdk8aipPdzKT5RClXII0Ew,653,GRANDMASTER,I,873,595,320,1,TOP,"[6, 111, 53, 82, 202]"
3vRCbYgcdIKpv5_ihbhEUmgZ7Tm_44LcPZ0WpuaAtu3Z3HuT,162,GRANDMASTER,I,872,556,307,2,JUNGLE,"[5, 48, 56, 526, 79]"
FjKDOd3dVsMTGY-xc4J_NKbvtVL4tKKSYBE-sgWmWysMlr4xcAJxxuzcCA,81,GRANDMASTER,I,871,374,204,1,TOP,"[897, 24, 126, 266, 58]"
TJgdznZYDBOzEN9SNXJCzCY47C-MToXy7zqCiOBsh5eEoFY,292,GRANDMASTER,I,870,730,387,4,BOTTOM,"[145, 498, 51, 429, 110]"
iiotkgj1QU38uAJe3bt4Ziju4hR_bbiNleTEXPgPKlwEqnPzdnsIomq7YA,133,GRANDMASTER,I,870,355,200,5,UTILITY,"[12, 555, 497, 111, 526]"
kWegl2YoXp88KXt2cbyovmwa8arcEfWSBY7A9OnKI5Dc934,470,GRANDMASTER,I,870,328,187,1,TOP,"[78, 19, 245, 58, 84]"
GYm_RuKDZZt2uc4ofPHsQSn3rucuHQ49rMUSaHfwCvGFA57e9xZoHQaN9g,95,CHALLENGER,I,869,518,286,4,BOTTOM,"[64, 51, 81, 145, 202]"
5XaLGxI5Qd2qOIHSHCDmHv6o2rzni_LLxbCQe7-rEKbFve8,508,GRANDMASTER,I,869,324,182,4,BOTTOM,"[110, 429, 145, 51, 64]"
SnenHZJ-gi1ck7ILGpJm80v2ClKd8Vm3QFpgKOt7_iOp1ow,375,GRANDMASTER,I,869,226,138,2,JUNGLE,"[427, 117]"
m7zzZqmfVNEAtMdimYJ1Qxv_o2NU_jEbrgrbb-nGZbvVMvs,491,GRANDMASTER,I,868,253,142,4,BOTTOM,"[145, 81, 429, 523, 110]"
4A2RQCOplq7pk7LQoyA6fJiGPF_GGBWcn51w5oTrFD7b36I,524,GRANDMASTER,I,867,225,136,5,UTILITY,"[497, 888, 12, 910, 526]"
lugaNVvNv67DHVTi5fdiHkvswII_sck16593xBjrrgrDy1pB8qQxYFjGLw,157,GRANDMASTER,I,864,232,142,2,JUNGLE,"[64, 104, 76, 234, 203]"
DzCkoLSml5ZhkKr6rxCNxP1B19krWgpApV2eaLqZnLaVGL6LCM4ZaEIaSA,458,GRANDMASTER,I,863,1829,943,1,TOP,"[897, 126, 777, 58, 887]"
TSqsdaJcyhXHhh9GPjbWeL4ssQV3DfCn-yQ6znVrGw7sgvjkTYw5JazY9Q,132,GRANDMASTER,I,862,730,391,5,UTILITY,"[12, 111, 526, 497, 555]"
xaqFPO4OR4xuujR2Y-vf8Y7ZMgXDpmJAnqi6SvUqRDWmNa0,590,GRANDMASTER,I,862,405,222,3,MIDDLE,"[131, 711, 111, 12, 43]"
M0Nbn5GVy5xDxQhHSIpHcikKhPuIUHdFs0g6ilYq4ZGs2UdUe3ml_muYkw,293,GRANDMASTER,I,861,1104,573,5,UTILITY,"[497, 526, 12, 235, 111]"
djih9bzHumx2xfuXdAbN-8-E1ohilU8ZmBcUBLZMt6Uy7bM,632,GRANDMASTER,I,861,647,340,5,UTILITY,"[526, 12, 497, 43, 53]"
hZiYiuqowO4WP2TgYBzKEE-M4kcaiX3a-9G58oECNUhHAdgegLACXTjaPQ,452,CHALLENGER,I,859,489,273,3,MIDDLE,"[777, 134, 126, 517, 84]"
uOqYv9pKQABIH0RijZiAa_VxZg_yPwCxYsfnWTPImnanvfw,264,GRANDMASTER,I,859,994,523,5,UTILITY,"[526, 12, 111, 497, 555]"
MLh-TUKsFDBpCgPZIkVsxjjT1lqHNI8I_PuwHk7gv_slHSvfyYSpHK-Nog,61,GRANDMASTER,I,856,182,118,1,TOP,"[114, 24, 58, 150, 145]"
wEZUHfq504vC1d-Qiwpc1iQyv2ios1p8KKwGjDRSntdwkzYx7rKdjIFzTg,140,GRANDMASTER,I,853,357,196,4,BOTTOM,"[110, 81, 429, 498, 115]"
HqTa-ln4lq4NbpnRHdHVovE2Hi1URrjJT46Yt7z6q6vKnsk,436,GRANDMASTER,I,853,332,191,2,JUNGLE,"[64, 234, 163, 104, 59]"
EAIArJO7WwFaX0b6VFXsgghMtcqQNtpS2iiQZd5bhdNK7h0,216,GRANDMASTER,I,852,398,224,5,UTILITY,"[111, 235, 145, 497, 12]"
AHAjTzeKP4Q2fJ0QSihjW3ASbE3nROrm-f3t24SgfDtMtLM,332,GRANDMASTER,I,852,467,267,2,JUNGLE,"[234, 64, 59, 526, 78]"
KyAMhdXkVWk19U1bVw0YkCtMdFz6vUZqGJVuaaINdIFPnrfyRDbD1rGbZw,133,GRANDMASTER,I,851,1502,786,5,UTILITY,"[145, 497, 888, 555, 51]"
K0LyZLuRyySybEuRUz7HbTYLIKcOpT4PZeTda_MOmAXJDUN56lu9__f4tw,203,GRANDMASTER,I,851,565,303,4,BOTTOM,"[145, 523, 429, 498, 235]"
p3EP_YkxyLm6xkxjiUds8E47Nbu9F10JpprCMCnDE9jR-jsrU0OoykYSSg,64,GRANDMASTER,I,851,302,188,5,UTILITY,"[497, 526, 111, 518, 78]"
743coDjvuXdBd7wBWHdKoVr_UeIvCw6ZZUdGPqOPeEhWYl3iX16RC7tOpA,146,GRANDMASTER,I,850,620,335,3,MIDDLE,"[127, 64, 104, 76, 59]"
VMA5tnGEUMwB7MHoM_G_4AgcR2IVWBZwT8iu-jfQU83q_E0,587,GRANDMASTER,I,849,374,211,2,JUNGLE,"[76, 64, 163, 121, 59]"
BwgSTeMsSfZabbcz58o8IcNN29o-DmLgdPv7UD8z1eF4WCU,527,CHALLENGER,I,848,488,266,3,MIDDLE,"[518, 18, 126, 61, 268]"
kpkZYBATt4kwDeSzssx-YAtxrRpO2yNPWrJX8hkug61LnPk,439,GRANDMASTER,I,847,383,213,4,BOTTOM,"[81, 145, 498, 429, 22]"
oG2CDWuDWhsEfXb_gS2XML68FDM-mjHxi-0dUiQFoIM2j8w,345,GRANDMASTER,I,846,742,394,1,TOP,"[68, 126, 58, 79, 150]"
VK_KjaAE3-XoalO83zDu8IFd3Q50poi1_SL-9FYbUzKkhiw,952,GRANDMASTER,I,846,1246,647,1,TOP,"[68, 897, 24, 266, 58]"
x8z3r9IYhz8zHfWrrPaCxfzyU8dkoDQmPvQet93mocXYsvwx,200,GRANDMASTER,I,846,489,263,4,BOTTOM,"[22, 235]"
0wXjtpQ9L5vZxtfxbaAPIwohhq0SNy3_oonkd3qkjBk6Nvg127xmMQ7esQ,134,GRANDMASTER,I,844,751,407,3,MIDDLE,"[126, 246, 84, 777, 517]"
BDG7vH4kvotwiU1JjWxJ-wjRSrrk7Xy594a94yl3WFKVVvs,889,CHALLENGER,I,844,871,456,5,UTILITY,"[497, 12, 111, 235, 526]"
_QRNen1dXJWQJ_znlWCYHFt4ZvRDUA5rynxjSKFO4U_fzNJhuK_9EXa4xg,172,GRANDMASTER,I,844,462,252,1,TOP,"[24, 777, 266, 92, 150]"
sUiSUE8GW1R-bcIE1F2L1UEZ-6fEEminIu8ElfPaXGbiHFM,665,GRANDMASTER,I,842,568,308,4,BOTTOM,"[145, 498, 202, 429, 51]"
nSFGf3dBwwVeuwZ7gcJ85eOLAaAR5i5EMr79TRICelMP1pBlRAMY5wYHfQ,211,GRANDMASTER,I,842,571,307,4,BOTTOM,"[235, 145, 18, 429, 12]"
fIe4Sz5Gj6zWBGr97HCbJriVcTfJww2rsVZHbT22BhOwMXvKjhJ6a6qK7A,318,CHALLENGER,I,842,769,408,4,BOTTOM,"[145, 81, 429, 110, 498]"
kiUukvHkr_ABwi92vuERmHJji7lP3JJAU01aS85qyiE_jq0,867,CHALLENGER,I,841,944,498,2,JUNGLE,"[91, 56, 112, 131, 163]"
t-6EQESKwU1KdAlN6fQMXMifae0RAnAzVwFjb8NovjcO-EA,523,GRANDMASTER,I,841,282,171,5,UTILITY,"[497, 22, 432, 902, 43]"
hhyBbDRZY4YeJ6g_yiiZ2c8dcKUWJxlGsqDV6Mq5rFtr_5w,243,GRANDMASTER,I,841,425,240,1,TOP,"[77, 74, 43, 67, 75]"
mrIoARkVsEph5KjOIBGqYv-jpNYzBNBG2A9GJ_L0xJK_ICoIR01TvisFUg,224,GRANDMASTER,I,841,585,311,2,JUNGLE,"[163, 64, 104, 76, 245]"
s1Ps7tENdw16SzTh5xLfDqEAR36A_Bgc9GLf7SspcOe33uM,197,GRANDMASTER,I,840,244,143,2,JUNGLE,"[60, 76, 203, 78, 24]"
cD_MwgrBELOhlS_RfydxtbS9AuXAPNke68YC6DpFRw4i2vM,486,GRANDMASTER,I,839,606,322,3,MIDDLE,"[61, 518, 711, 18, 163]"
ezEPsUq7R2-noprJ0_87rjPR3YXUYdKP9BV4o_iRFjTKt4b3gqlC9I-cEA,441,GRANDMASTER,I,838,606,322,2,JUNGLE,"[64, 234, 163, 107, 76]"
Ht6pXdCiZKD402-GR9aoRlW1moCSdcz1p8KDA5vUGYuqlpA_d_d8brpC6w,198,GRANDMASTER,I,837,1037,544,1,TOP,"[24, 58, 266, 68, 897]"
jtpPqP6LC0VBDCTHOlGMCuacGwIv_HlN3RJ7B-nV8oItBKbEd8A0uedllw,120,GRANDMASTER,I,836,288,170,1,TOP,"[24, 126, 58, 266, 85]"
No9NDGoMD0dYHUgyNSPvqvRmoFUgg4R73ZYlDomy8vnvcUc,805,GRANDMASTER,I,836,1061,555,5,UTILITY,"[497, 12, 111, 526, 432]"
fz7eCsLQTdL2ipUcPeBgMXukyD7-Bd7AbKwauI8aO1SkNa4,375,GRANDMASTER,I,835,569,306,5,UTILITY,"[555, 518, 57, 64, 432]"
A8tCxecbCxaRk98dgvXA-cmiGrSs7hEvrS8t3ICg-kTH4JQ,309,GRANDMASTER,I,834,421,237,2,JUNGLE,"[120, 121, 421, 59, 54]"
GI3UbOobd_VnaMw6Z0J53Fu2lIC1JZjrPHGxfM7Mt7JjMCbYpOhve5ma6w,82,GRANDMASTER,I,832,347,205,5,UTILITY,"[111, 12, 43, 89, 235]"
MF0kTV8RqHUyHyXw1VawYEyQtJ87eqHbU-ebz2-ddjoOvPk,737,GRANDMASTER,I,831,1012,526,1,TOP,"[68, 266, 897, 24, 126]"
rsa95sijLkxsHNHsa2btnpnmBwvNeLRtzHsLvodb6TlLJ4qwxCARv0EYwA,58,GRANDMASTER,I,831,243,150,2,JUNGLE,"[76, 113, 53, 254, 526]"
F2vcnbPEwvpn2ECeGu2xchaCeMm1vDvUONf6ksaaB6YRqscy,134,GRANDMASTER,I,830,579,314,1,TOP,"[23, 58, 32, 54, 78]"
VExPRExhFSn6hKaLQoQO1qdzPhn5fGNACuZVpozt2TuSfAiwKrle3GnLmw,136,GRANDMASTER,I,830,508,276,5,UTILITY,"[526, 497, 111, 432, 888]"
aKJgp7J5ROE2MZNAZ3JBeghnnHABD4tuWFcf3YR-Rn6hyTI,468,GRANDMASTER,I,829,1111,578,4,BOTTOM,"[145, 81, 432, 110, 43]"
xMREH9i0peBgzxKLAy0h1yJSxhVxEvWEolszyniX0If3e1N53fyM-Qx7sQ,215,GRANDMASTER,I,829,467,253,3,MIDDLE,"[84, 61, 7, 126, 517]"
NXeQunkaE40wE75wM4wOpq1ZO_10DrvXB6oSPLIkzj-D90o,547,GRANDMASTER,I,828,790,422,1,TOP,"[68, 85, 58, 30, 13]"
K_4O23_vneN4_Je9DfUyz1FO2gIDFMAoeI-qQsMHwlg2B7pV2xn8vTNHUA,93,GRANDMASTER,I,827,234,140,3,MIDDLE,"[91, 245, 517, 84, 126]"
VoucS7R3WEelAPXmNacTylQfY2OoPyHClKH-SpWXO9FdlNVFwd2Y_vHByw,285,GRANDMASTER,I,826,1368,705,4,BOTTOM,"[18, 145, 81, 498, 429]"
A1cbjXiBvdm7GzTH-E2JEwE5tcuPjdGD0ZlhwOHdYUxlYjJiqmLt9bft0w,50,GRANDMASTER,I,825,250,141,2,JUNGLE,"[163, 104, 5, 234, 64]"
FG7ZR2qmzetnkXZG7iM8UjPwryhwjerGwpFfphCpoJ7VtC4Y,770,GRANDMASTER,I,825,902,478,1,TOP,"[68, 24, 266, 897, 126]"
4ww447RBCF8SuGSFVouANuXtKXCt74eO9oR-AK8pv3sNNT0S1ZPaq2XAzg,208,GRANDMASTER,I,824,315,181,3,MIDDLE,"[268, 79, 78, 86, 127]"
EO04BcQwx6oVkhjjVLgTPhqXXAumr-HtDb1alTmIQ62a6nY,317,GRANDMASTER,I,824,319,179,5,UTILITY,"[497, 12, 555, 432, 111]"
UpPOoWxigwONGF0gH696UCFi0_IMvlMY5C1ou884PPJtof4dT4KTmpKF1w,294,GRANDMASTER,I,824,597,320,4,BOTTOM,"[145, 81, 498, 115, 110]"
vcgCQGmWDsIpvx_Ho7KC41afEeahJU0bYnc738IXMMWp51M14JvJIkiBZA,198,GRANDMASTER,I,823,581,307,5,UTILITY,"[12, 526, 497, 111, 53]"
AlgMSLFl5fNJJS4fyWg5MnPLJYXPbXLyElT8xnsXeCs1XB8TdOgDfh3q6g,95,GRANDMASTER,I,822,526,283,4,BOTTOM,"[81, 498, 15, 145, 222]"
JUT3Tx-PJa26pZ9VH-qzNH24sZ5i49MqhWpX2CeX4rUOcc0JPCt_52jlZA,183,GRANDMASTER,I,822,511,280,4,BOTTOM,"[145, 429, 498, 497, 81]"
V3mMPldKGA6WFa9YdtrN6DiBIpirZnkOR_YIX6E5_ydbzuB9N1QhcdMWNA,58,GRANDMASTER,I,822,273,161,3,MIDDLE,"[84, 7, 91, 80, 777]"
-leMnkI9kjcWk3_fuh_ftnBflqNRGXqOhSRVa00-TUHnXa3-wb2LgO5ImQ,49,GRANDMASTER,I,821,193,127,2,JUNGLE,"[104, 64, 59, 76, 163]"
fcjqAEUfzeQTM-ynaLhFXwnWyxKhsTxcfQkxHq1tfGxAGA,798,GRANDMASTER,I,820,407,220,5,UTILITY,"[43, 53, 201, 12, 111]"
A1Ee1WC81mg3smgy_-mYAbEWPAe05TQ5fZa8fiJjacGv77tLtkWeq0K9-Q,398,GRANDMASTER,I,819,1569,804,5,UTILITY,"[497, 12, 111, 526, 235]"
Ig3x0sSiYw1khHr18hivQDvHM1mJg9RYrgjD2ZpECdFdbio,570,GRANDMASTER,I,819,363,208,1,TOP,"[2, 266, 5, 14, 24]"
Mr-hEmuJdFXR8Q_NjZTeRmdg6KFq6gS0iAK2wlOCsRBH2pWE_qhC1YWb5Q,55,GRANDMASTER,I,819,200,125,2,JUNGLE,"[120, 5, 64, 12, 59]"
rzq0ug0zW7mBMN5kpbXXaNFAX-3Jv6OhmgbSk0Oox3GMJhI,496,GRANDMASTER,I,818,781,413,4,BOTTOM,"[145, 523, 81, 429, 119]"
OAFs_87w5KM40AtEKyG2aizcLL62jMqJ7W3WwRtHlPlqDYQ,181,GRANDMASTER,I,817,570,303,4,BOTTOM,"[145, 81, 498, 202, 15]"
10HtEg977V4QFxm5mect7oGGLVYtuc2ykMXlRTniHXq3l4Kn9fNidStiWA,199,GRANDMASTER,I,817,968,510,4,BOTTOM,"[145, 110, 429, 523, 235]"
GNYBp0hjTU3fE5umUb9IUAO2cdYR8sBOClmhYKGPdfsLmcQ,142,GRANDMASTER,I,817,406,220,3,MIDDLE,"[91, 4, 136, 30, 950]"
GNN5a0iXRw6Nyrj_tTHoCbJXkaO53HQr1G-cCI7R6q1sIwwsrM9QTbSaRQ,319,GRANDMASTER,I,816,877,464,1,TOP,"[24, 266, 897, 114, 58]"
bY7lAUom-Zo8F7rmliwCQqqLPSz6iVBV4whI_KWmyd29Xkv_EU_sL6NuAA,169,GRANDMASTER,I,816,180,114,4,BOTTOM,"[81, 145, 498, 18, 221]"
HvUbv0XNzcpcvIPTTuzMLRdZgYKGPOG4JKGf3gOT6Av5zjI,450,GRANDMASTER,I,815,828,432,2,JUNGLE,"[104, 78, 254, 234, 200]"
jKjKw9iu_flFf2Fs60njikHwlIMyySOH9jbtJVuTiQnE9o4,591,GRANDMASTER,I,815,381,211,1,TOP,"[114, 85, 133, 164, 23]"
LgpN_iAYPK4_M04GJxvEgV7tAAqC49PscZ48tjxyDA5VjysF3v1hASW56w,182,GRANDMASTER,I,815,325,182,1,TOP,"[69, 897, 145, 163, 81]"
xTdFXHodveBVn53xDevAmDFNkqDUf5t5f8stY5QvIEfp1Put,370,GRANDMASTER,I,814,1446,753,5,UTILITY,"[526, 497, 888, 432, 12]"
Kb-WUNiEz2UjCtPMua2MWSS0mYRFvWYE_SJVl8iYW9fP6No,301,GRANDMASTER,I,814,329,183,4,BOTTOM,"[523, 81, 145, 119, 110]"
5BlFSOJMcsYZLzg_rWsJup-3x-BMBYKLuVkymf8GHJkpRQ,331,GRANDMASTER,I,814,222,132,1,TOP,"[133, 43]"
LCjD-2eE2zLtsFwy62XQ-jLsxnrCHWhlp1ojy25T0iYu0Nc,529,GRANDMASTER,I,813,239,141,5,UTILITY,"[497, 888, 43, 235, 432]"
a0g_7ixNNNX2ZUELYKVQuSkOC7N2suR0uehLk6Z9cTUG9tAr0h3jX54rvQ,64,GRANDMASTER,I,812,445,246,5,UTILITY,"[497, 888, 432, 555, 12]"
yXfpMju35GZTOQIqUUmyzKlna-JKsxh0auTHgCZOocFJBkg,284,GRANDMASTER,I,811,495,273,3,MIDDLE,"[142, 61, 126, 84, 517]"
FmNVXzNVORWbmCaqFuWG_zXZQRzr8fChG61Hb8n1iqqtht4,196,GRANDMASTER,I,811,217,129,3,MIDDLE,[105]
c4voKRgPPfYJPmy0uUsu2OhPVV6E5X5VKvuGNezV55K-byr4iRQMHSldGg,85,GRANDMASTER,I,811,551,302,5,UTILITY,"[497, 111, 526, 12, 53]"
P6jLj1oBtBqdXdZ4DjSMdpABJ4zVwzpJoDyAs6bXF2Y7rMc,697,GRANDMASTER,I,810,514,277,3,MIDDLE,"[61, 163, 126, 7, 84]"
msX4fl-IquD0dWtvPItBUup9ThoE-qx-qZrHXyRCw2F8ohnlSxaJ49CIyg,542,GRANDMASTER,I,807,2043,1039,4,BOTTOM,"[145, 498, 221, 110, 429]"
-zjaBLKQ1LOCq2_QvFH2eaKfGEAt4aTeGCcPd4bIIat_Ag,564,GRANDMASTER,I,807,711,383,1,TOP,"[77, 68, 23, 897, 58]"
NLI7ytE2Y-YhujE3kAH_sQ3XJ2sCZ7tsKKYSH6ky9EJPYTA,311,GRANDMASTER,I,807,482,266,3,MIDDLE,"[61, 126, 777, 517, 145]"
srZFUcRJUFemCngr99cm5E7Vi3k0ePXQf9K73cX7RbADeVUYfic3O58VBA,50,GRANDMASTER,I,807,261,148,1,TOP,"[68, 266, 150, 777, 24]"
RAj8DaBY1QuebckASWvcwHwS2K3ExYF2OsbRaWIvc3FNaM0,571,GRANDMASTER,I,807,189,117,5,UTILITY,[555]
noLLpY1VDL4jIIQLgLkvD5mZ0M4-ATQ6VIjKn6KZ8V8_E4Q,1010,GRANDMASTER,I,806,648,343,3,MIDDLE,"[166, 517, 950, 3, 7]"
BbWmACbROJfeTgOI_77VndqpNMxXxIsG9KQagUdl4G1ibn8,804,GRANDMASTER,I,804,1008,522,1,TOP,"[68, 64, 58, 24, 8]"
bw3qhfVFl7UQxzSp6gWwdZlzH_38pxoHbC8L2xRGJgctiOs,765,GRANDMASTER,I,804,361,208,5,UTILITY,"[12, 555, 111, 43, 497]"
LwGKwmI-u6oNvyj6UzEC1k6RwofFYRVEWWE6DWABzeAoEM56VXc0dxnksg,49,GRANDMASTER,I,804,154,103,3,MIDDLE,"[517, 897, 50, 84, 777]"
O4p1r7Soh14asSsbgDPkAbeHZhFWwXasITk7lVxwsP1NJYY,164,GRANDMASTER,I,804,179,112,4,BOTTOM,"[67, 81, 145, 498, 51]"
Z2qYArNeC2EL_OFcKf-L99y9ADOcHKUf3SvkHISKYG5A2WF0Qzq5snCvzw,278,GRANDMASTER,I,803,365,201,2,JUNGLE,"[76, 234, 60, 134, 64]"
u-ef1mJsydB86SYX8uzGH12-a1p-w9ra0sUz0J1JIAQMtAXLMRFVM8nZaA,61,GRANDMASTER,I,803,349,210,1,TOP,[114]
FfyKMX-E6g5sJb3m45Vd4e1PPXOJGDCRHF28ZUR_peknSiQ,377,GRANDMASTER,I,803,653,349,3,MIDDLE,"[246, 777, 84, 897, 126]"
yWEiCWt8A_9gMTBZZJTTB96xfxdJFPiOooBUrQPaPagu6maLEQdC9_ZsgQ,221,GRANDMASTER,I,802,739,389,5,UTILITY,"[526, 12, 111, 497, 235]"
oeRpTwpyE-Ob6UFBOSWLRwsGmKVUmcwWt-K2_RTONdwu3Ms,455,GRANDMASTER,I,802,397,219,4,BOTTOM,"[145, 81, 236, 429, 498]"
5HqM9SHc8NFBS48QX2lYHgs0WREVCnQwOGUkbstP_gEpJUs,358,GRANDMASTER,I,801,1733,884,2,JUNGLE,"[64, 78, 163, 131, 141]"
lk-hR7C8o2GwSx0T4V_Jr1T78AlAOwRbQMWh7pWF6F0MFgolqHhFSxaIfw,222,GRANDMASTER,I,799,647,339,2,JUNGLE,"[64, 104, 76, 200, 2]"
VSe_HNHcgLsm-AiAuQpG9r8G2ytokLFFg4WJwmmeJX-WAtA,210,GRANDMASTER,I,799,467,240,2,JUNGLE,"[64, 163, 121, 234, 78]"
QnvQI7xTzXAUSBpKQlPo1XRrWq2ji-wu3-vEGSBe8QUySw5v,272,GRANDMASTER,I,799,357,199,1,TOP,"[122, 16, 79, 12, 54]"
2onrhhrD74-jSvLR3aQIUhp0Dqh8NSN-gsd5xMYgQnyfRVjbj0_pa3u6RQ,184,GRANDMASTER,I,798,903,468,3,MIDDLE,"[895, 7, 61, 126, 517]"
BXSLDxd5RYa-QKpJV-x1ySpEndhWOChiZgZocw9SZ7C49Wlh_481d0nauw,112,GRANDMASTER,I,798,383,219,3,MIDDLE,"[18, 142, 7, 268, 518]"
RxrU6rMprQwv7Bg4w0g4ClVp_smELw-cLeqO9SCFaURN4VQfMTR3QoZgGQ,256,GRANDMASTER,I,797,914,472,2,JUNGLE,"[421, 234, 64, 104, 163]"
8KJI27f0aer3HwRPZZmaWKEBe1ULoMKlmDFfI3s6R-oEEGdKmnJDRaPRFw,456,GRANDMASTER,I,796,762,395,5,UTILITY,"[497, 526, 111, 888, 12]"
HoMsHUGvRUvEFwC7PSlJIKLP-8Jdix5CqQ0aS2tr8352oo0,586,GRANDMASTER,I,795,358,199,5,UTILITY,"[12, 64, 111, 432, 22]"
vsoxU7g8P-iGQPO00OfRUFIzBnVkshKYqYBicXFLB3JuYjf3kfhJOEfleA,75,GRANDMASTER,I,795,330,188,5,UTILITY,"[111, 497, 888, 22, 74]"
_x32Utk64qoJXhbn2VA9znX4ZHCemKVpH0K7megqyIa-vso,432,GRANDMASTER,I,794,463,252,5,UTILITY,"[497, 235, 526, 555, 412]"
AJZtiCKd8qVOVH9vrtKc6AlyA9VpnJf7Q70_U5tiLl81-tR19dNDP115ww,46,GRANDMASTER,I,793,218,140,1,TOP,"[80, 2, 58, 266, 68]"
i_R2_3ns-o4sNyh2D8pzkJPl6Zox6z7Yb_FWpvcipC9wFgy8nOmaNRBFkw,438,GRANDMASTER,I,789,273,158,5,UTILITY,"[497, 12, 526, 111, 555]"
LHtg2TIE41tqa5Vavq6eG4iTcFlEqktFhguGAuVklHc-I08-qCGKNBEL8A,100,GRANDMASTER,I,788,512,280,4,BOTTOM,"[429, 498, 145, 119, 222]"
80z6lXKCp8DWz0HUSLta67-RlAa7NXoXF-FNaCbMctUWrDl8ot6PL8Lnew,338,GRANDMASTER,I,788,737,388,5,UTILITY,"[12, 526, 497, 111, 53]"
_de-to-bk6qeVpbpSjHMoFWhW-h9FD-PtQ8DWlto-UwB4Y0,521,GRANDMASTER,I,788,272,163,5,UTILITY,"[497, 12, 22, 111, 53]"
OTxoSPTyP9Ms6ZumOPZLP_zKpPfNzDH5ofbjZIB0fl6jBvc,623,GRANDMASTER,I,787,766,403,3,MIDDLE,"[61, 517, 7, 777, 126]"
FP4aOxK6DM9eErsDarHxkKf6jQrpgLUdqtaN14yVLl22tFvYkwjzS-Y5Cw,118,GRANDMASTER,I,787,331,186,2,JUNGLE,"[76, 64, 104, 163, 60]"
FuWnfbnBIjnbhHLnm9LlzqEACoUe_5UPPae88-7V7VfL32w,1005,GRANDMASTER,I,787,1114,583,1,TOP,"[57, 266, 19, 58, 111]"
rdmij9syuLsjKx5M3F7llR44fwEgOebxWz5tjQH-O0WS6utiSGgUCtvx-w,505,GRANDMASTER,I,786,785,414,3,MIDDLE,"[18, 61, 126, 84, 7]"
y0HtFU0kVyrB3_ImHq5TzZHI0Au4QHk2nSweInQW_f8W1ro,298,GRANDMASTER,I,786,295,171,2,JUNGLE,"[254, 79, 64, 59, 163]"
NaZ0RPKEVoyK75Sp77yus5K0OvaqQH4TeqohGSNEIqEw5f0,387,GRANDMASTER,I,785,563,301,1,TOP,"[39, 84, 897, 114, 777]"
-TY3Obn0k-PKNwKlFruUUZTPmXcYkW2MXtm7b180jlffQCw,745,GRANDMASTER,I,785,519,277,1,TOP,"[777, 157, 24, 887, 54]"
XjDHGJa1FGd6EWNY11omTJdL9NQ61XdesjGm1ezxYpw-g5GMZz08tIEVWw,152,GRANDMASTER,I,783,1014,534,1,TOP,"[77, 19, 80, 36, 516]"
814Ad9UNpDzef3WM5ufA4Mm4jkUHHCJYVe2ut9uNI2hBDbc,257,GRANDMASTER,I,783,301,175,2,JUNGLE,"[64, 104, 76, 59, 200]"
35RlnEAQ5Lvja_1xkrJ9tJFtij3C-ktxqpGcFWssNNSB6ou5G1CwrrwFDA,376,GRANDMASTER,I,783,1335,697,2,JUNGLE,"[64, 76, 163, 234, 104]"
M-FKeCPfikSJTrXHpROhBx3GN8nGYdCYJVGPgjdEn23LGj4,512,GRANDMASTER,I,782,459,269,3,MIDDLE,"[79, 166, 777, 61, 517]"
t2ePX6W1kapgJ07MYYj68hw3dsrkkCiQcHUTtjyaFWm75IpeOdXvi1RuoQ,196,GRANDMASTER,I,781,742,393,4,BOTTOM,"[145, 498, 110, 221, 429]"
L0nCikSVDa6auN2j0M__U2dqzYVFS5RWZIp7-tzj_9B5Y3bV3ZZN3pga4w,118,GRANDMASTER,I,781,325,186,2,JUNGLE,"[59, 234, 64, 121, 76]"
2C5ab5yz7lMFwVQ4Qyb1f46xgrCBvittbVziMXv07zHCmrrQnVSpes1bGw,210,GRANDMASTER,I,780,893,468,4,BOTTOM,"[81, 145, 897, 235, 221]"
2qcjhrIC5k8TE9gbi8G07r4VGg31nowPTHvkF2eN8sVp3P7DYPgP9JTweQ,388,GRANDMASTER,I,780,833,438,2,JUNGLE,"[64, 104, 163, 203, 234]"
sd_eSPGvcVksYswChp5pJFqaaPkk4ZZeTaGM3FfK_yjB0IVG,502,GRANDMASTER,I,779,627,331,5,UTILITY,"[497, 526, 12, 555, 111]"
MASd8HJGKiPDij1wX4-cnSMMr9UJ0_plUNj-r7D8QCLzYpTsY6MIcntF-Q,157,GRANDMASTER,I,778,435,240,1,TOP,"[68, 24, 104, 163, 234]"
-01IEzitQhxE_9DDrmVAxEjcPyGGAqdczmNzaL5Ndymojl6EkpH0vdAvyQ,96,GRANDMASTER,I,778,134,89,2,JUNGLE,"[64, 234, 59, 76, 107]"
3V3hwO9PrRvLkLlMJtqWkwme_dZfgV6jwTDAAaTsPzQG8EI,622,GRANDMASTER,I,775,499,269,4,BOTTOM,"[145, 498, 110, 429, 51]"
MeME99XpLUooYL2gHwYQhpj-8ZlgBhNHwfyWqaknUcSvuos,442,GRANDMASTER,I,774,831,440,2,JUNGLE,"[35, 203, 103, 427, 59]"
8Gp5FYVds0tLbsxcNHJGlm0GN5uGs2MY8pki1rdODbJkcCVwb46-K0o8Uw,100,GRANDMASTER,I,774,803,426,1,TOP,"[39, 84, 114, 41, 58]"
v5Bc03dAWXW7hFVa5tJuaw73HKRTa4Co4eN-I-MlwNhRets,124,GRANDMASTER,I,774,132,85,5,UTILITY,"[497, 22, 526, 111, 81]"
H2jCF8W6t1QaVvX1oeyaHtOGlbKaDm4SIXDtMRKb5OaRN_G0o_lduEkP1Q,117,GRANDMASTER,I,773,686,370,5,UTILITY,"[111, 497, 526, 43, 518]"
93BYEYfMSwIImeePX-nwCh0LQY_AOg0TDb2qkNfAT7J5iog,317,GRANDMASTER,I,773,791,415,2,JUNGLE,"[163, 104, 234, 64, 30]"
hUF5R_qrMpK14dUQVxjBgMVRtSaYnciLoe5iguFDkztuZjJxOAj-pU6ftg,129,GRANDMASTER,I,773,226,134,1,TOP,[8]
